Urban.rural,Market,Download.speed..Mbit.s..24.hrs,Upload.speed..Mbit.s.24.hour,DNS.resolution..ms.24.hour,Latency..ms.24.hour,Web.page..ms.24.hour
Urban,3,46.9844,3.115,15.712,20.101,281.602
Urban,3,45.5636,14.967,24.337,23.882,328.972
Urban,3,6.9502,0.806,37.816,40.412,973.295
Urban,3,5.1803,0.893,22.514,21.828,1077.498
Urban,3,32.6965,5.638,13.418,12.891,236.983
Urban,2,36.9341,9.503,11.042,7.669,197.89
Urban,3,59.4303,11.455,7.638,6.569,168.984
Rural,2,23.0231,6.813,24.871,24.711,366.38
Urban,3,62.1146,3.014,12.194,14.267,237.197
Urban,3,12.085,0.771,36.322,36.347,570.292
Urban,3,53.7997,3.085,19.377,12.618,418.825
,0,67.1938,17.091,11.642,11.405,180.356
Rural,1,37.2349,8.498,25.618,17.902,270.13
Rural,1,2.7368,0.438,51.226,50.892,1521.785
Urban,3,13.2712,1.145,23.215,15.529,640.34
Urban,3,8.4507,0.681,29.605,26.735,747.186
Rural,3,5.3088,0.759,58.588,45.241,1032.73
Rural,1,1.7786,0.346,40.387,44.129,2312.196
Urban,3,36.8003,1.869,29.856,20.032,276.657
Urban,3,18.8219,1.062,16.92,12.196,508.951
Urban,2,10.875,1.073,10.428,7.431,785.625
Rural,3,21.127,1.865,29.451,28.505,399.048
Urban,3,22.1193,9.466,30.411,32.694,471.546
Urban,2,56.946,14.68,26.347,25.534,356.902
Urban,3,11.2179,1.042,27.447,27.19,472.218
Urban,3,37.3253,9.563,28.024,21.023,295.318
Urban,1,1.9223,0.723,18.158,16.14,1901.912
Urban,3,12.2499,1.181,14.979,13.677,385.176
Urban,2,36.2506,9.23,20.976,18.419,265.316
Urban,3,2.5067,0.754,43.182,36.62,1736.926
Urban,3,2.4839,0.44,30.734,29.14,1765.847
Urban,3,3.6534,0.651,25.779,25.301,1169.905
Urban,2,61.1173,2.983,12.844,11.227,204.811
Rural,2,0.7647,0.67,24.149,NA,NA
Urban,3,8.6663,0.904,40.309,35.815,604.634
Urban,1,6.486,0.455,19.731,19.877,700.328
Urban,3,53.7069,18.264,8.625,7.22,149.48
Urban,3,9.037,0.847,28.251,27.01,544.6
Urban,1,4.2112,0.397,30.189,29.824,1095.209
Urban,3,15.5486,1.091,15.109,12.904,725.848
Urban,1,2.8622,0.99,22.321,12.138,1491.139
Urban,3,69.9297,18.507,13.076,12.62,185.393
Urban,3,34.356,7.262,21.593,14.757,261.066
Urban,1,19.1072,4.517,32.196,31.441,425.921
Urban,3,51.7034,3.05,21.02,14.049,211.45
Urban,2,13.2346,0.999,31.682,31.543,472.455
Rural,3,36.3144,18.701,19.369,19.476,263.162
Urban,3,32.8915,1.959,16.293,19.656,312.125
Urban,2,16.8871,0.994,31.061,18.77,594.93
Urban,3,36.8843,9.467,16.278,14.647,236.882
Urban,3,60.7375,3.195,16.055,12.944,262.356
Urban,1,63.2395,17.963,12.268,12.118,184.813
Urban,1,14.2799,0.827,25.002,14.966,581.594
Rural,1,2.0358,0.737,19.318,12.061,1933.119
Rural,1,5.8197,0.417,62.92,54.496,1307.125
Urban,3,32.8936,1.869,23.311,NA,374.345
Urban,3,18.6263,1.153,8.192,6.501,517.164
Urban,3,73.3587,18.133,13.386,12.204,177.715
Urban,3,73.4949,17.133,12.833,12.28,195.399
Urban,2,55.4457,18.61,16.74,15.865,230.272
Urban,3,67.8788,17.211,17.487,13.578,184.538
Urban,3,15.2368,0.919,13.662,12.229,324.498
Urban,3,4.5179,0.901,29.892,26.91,1498.877
Urban,3,14.1707,0.837,33.093,20.921,567.13
Urban,3,3.4955,0.844,29.468,30.661,1335.778
Urban,3,4.1837,0.642,33.92,30.247,1166.769
Rural,3,1.0737,0.299,27.054,25.107,2606.057
Rural,3,2.3261,0.586,43.392,37.126,1722.333
Urban,2,7.5394,0.959,34.103,33.342,751.42
Urban,3,62.3803,6.255,13.105,13.67,294.725
Urban,3,23.6359,9.597,29.847,28.518,413.181
Urban,1,14.0669,0.979,21.615,20.472,449.214
Urban,3,36.0082,9.419,13.994,6.92,218.91
Urban,3,9.9436,0.809,28.298,24.885,700.032
Urban,3,23.4856,1.852,23.743,27.066,358.367
Urban,3,72.7174,17.011,12.942,12.055,226.984
Rural,3,23.0625,5.154,41.787,40.476,536.102
Urban,2,68.7124,18.557,12.663,11.689,180.78
Urban,2,8.4598,0.702,35.35,34.14,854.312
Urban,3,71.3148,17.289,9.228,9.411,166.445
Urban,3,48.4404,3.271,17.446,18.901,349.247
Rural,1,22.5701,2.137,32.728,31.176,461.18
Urban,3,39.7672,14.995,17.452,16.246,245.756
Urban,3,37.8191,11.233,19.671,20.285,263.949
Urban,2,17.7716,1.024,18.734,17.646,610.758
Rural,3,3.3433,0.617,31.051,34.368,1344.955
Rural,1,6.0945,0.407,56.356,53.808,1118.49
Urban,4,7.8678,0.733,26.775,26.795,676.461
Urban,1,2.7096,0.727,45.991,38.101,1557.439
Rural,1,71.0702,18.405,12.781,12.471,201.769
Urban,3,70.1141,17.175,12.116,NA,NA
Urban,3,5.4441,1.047,36.974,36.49,1213.688
Urban,3,4.8017,0.736,26.242,31.738,981.916
Urban,1,5.6194,0.387,30.53,29.415,2046.148
Rural,1,6.7966,0.389,25.97,25.275,1083.346
Urban,3,13.5056,0.944,18.178,17.161,408.724
Urban,3,36.5405,9.41,22.203,NA,NA
Urban,3,5.7724,0.432,34.024,33.114,797.843
Rural,2,74.1176,17.068,22.207,20.866,295.318
Rural,1,6.2015,0.871,36.923,28.97,711.871
Urban,2,15.8192,1.155,27.404,18.227,1848.753
Urban,3,48.4091,8.153,7.543,6.217,155.655
Urban,3,59.4631,2.711,28.15,27.334,330.368
Rural,2,5.6158,0.797,40.595,40.508,1052.418
Urban,3,48.8684,9.722,14.291,14.804,208.472
Urban,3,56.601,16.793,28.431,32.261,423.552
Urban,3,36.8729,9.449,15.609,14.73,232.959
Urban,3,52.5939,14.042,14.278,13.565,194.129
Urban,3,37.2307,9.437,7.578,6.191,163.956
Urban,3,33.2585,2.089,20.087,9.408,336.653
Urban,3,4.4388,0.637,50.897,42.983,1001.375
Urban,3,37.0702,9.497,19.309,18.398,282.507
Urban,3,47.273,14.907,25.2,24.431,321.541
Urban,3,6.8731,1.04,15.884,15.553,598.766
Rural,1,4.6262,0.44,46.832,45.363,1940.786
Urban,3,6.321,0.885,37.413,33.966,1024.697
Urban,2,71.6973,17.179,7.894,8.389,144.834
Urban,3,37.1937,10.014,26.832,23.195,301.052
Rural,3,1.5892,0.38,30.264,24.641,2317.731
Urban,3,30.0332,1.967,12.76,10.18,202.215
,0,16.7247,1.027,35.484,18.894,477.02
Urban,3,59.6576,3.001,18.159,18.693,274.402
Rural,1,6.0888,0.661,NA,21.312,723.851
Urban,2,30.4523,1.878,8.4,13.22,328.707
Urban,2,14.3831,0.731,31.162,30.081,476.296
Urban,2,52.8676,3.025,13.481,9.468,178.823
Rural,1,33.2325,6.967,13.014,16.306,209.244
Urban,3,67.7504,17.732,9.416,8.747,159.454
Urban,3,6.4509,0.908,39.169,NA,NA
Urban,3,63.9494,13.197,31.114,30.504,389.805
Urban,3,29.2022,6.36,27.619,20.554,291.091
Urban,3,57.7606,18.534,18.455,17.109,262.265
Urban,3,60.2563,17.189,9.988,9.385,172.569
Urban,3,9.7845,0.733,29.54,28.977,532.858
Urban,3,13.2699,1.025,42.405,42.223,597.051
Rural,1,12.173,1.252,36.279,29.69,676.893
Urban,2,15.5175,0.868,12.518,11.862,331.249
Urban,3,61.3462,2.842,12.302,9.427,166.669
Urban,3,10.6318,1.138,27.715,26.029,472.179
Rural,1,72.4455,20.299,17.487,15.303,229.702
Urban,3,7.859,0.844,7.661,6.846,594.209
Urban,3,4.5073,0.848,42.549,38.182,1214.08
Urban,3,56.6778,18.294,22.547,22.422,304.391
Urban,2,50.0887,15.982,9.494,8.428,160.613
Urban,3,35.2216,15.81,21.222,19.666,289.013
Urban,1,12.5894,0.934,28.516,19.845,412.681
Urban,3,37.335,10.015,7.417,5.611,235.718
Urban,3,12.0215,1.107,28.276,20.848,413.422
Urban,3,73.2317,17.687,21.216,20.023,263.905
Urban,3,65.2573,16.959,12.846,11.221,276.612
Urban,3,72.3889,9.751,10.195,8.824,199.902
Urban,3,13.7605,0.955,10.565,9.617,351.495
Urban,3,19.2664,1.02,14.48,13.817,300.51
Urban,3,73.1435,18.63,17.047,16.102,218.18
Rural,1,17.0111,0.913,26.717,26.244,439.963
Urban,3,13.3017,0.857,39.948,23.717,646.405
Urban,1,67.2602,16.442,19.823,18.449,297.704
Urban,2,1.4446,0.614,NA,19.304,NA
,0,73.3145,17.075,21.413,21.241,275.844
Rural,1,5.4964,0.43,50.454,48.944,1105.399
Urban,3,45.1094,10.676,17.191,16.22,259.471
Urban,2,10.9096,0.663,34.991,38.794,792.146
Rural,1,12.2692,0.921,27.923,28.089,489.745
Rural,2,1.4565,0.395,41.099,40.519,3236.397
Rural,1,4.8519,0.395,44.034,42.805,924.045
Rural,1,15.5669,0.82,29.865,19.642,1403.158
Urban,3,63.4058,18.541,13.031,12.067,223.539
Urban,3,10.4531,1.172,21.941,15.222,441.143
Urban,2,4.4676,1.034,38.228,32.558,1025.673
Rural,1,2.2359,0.434,46.761,46.021,1894.105
Urban,3,7.2549,0.769,9.433,8.309,729.075
Urban,1,7.7305,1.189,66.658,58.46,1200.146
Urban,3,70.7397,18.67,22.426,21.611,298.872
Urban,3,36.7473,10.026,19.22,16.139,254.3
,0,19.2834,1.872,22.447,22.603,356.423
Urban,3,51.853,11.339,16.657,16.027,243.489
Urban,3,2.3929,0.618,NA,50.566,NA
Urban,3,2.8154,0.057,54.387,44.394,5095.089
Urban,3,8.1914,0.79,42.009,31.847,1349.845
Urban,3,1.5353,0.641,40.279,44.027,2463.273
Urban,3,32.5326,2.09,21.123,11.816,260.906
Urban,3,19.1258,1.098,22.564,14.191,538.817
Urban,3,2.4201,0.691,49.714,33.832,1686.005
Urban,3,35.3312,9.9,24.994,26.349,359.834
Urban,3,22.6744,4.102,21.689,20.667,330.551
Urban,3,6.2461,0.866,31.111,23.01,1077.138
Rural,3,29.0516,8.816,37.157,36.102,464.109
Urban,3,39.8841,18.85,9.698,10.173,192.41
Urban,3,65.0503,15.514,16.565,14.756,248.837
Urban,2,16.1583,1.071,NA,19.214,NA
Urban,3,11.0297,1.092,13.928,12.385,821.129
Rural,1,4.0155,0.681,30.287,27.179,1295.268
Urban,3,37.0426,9.491,25.706,10.814,201.667
Rural,3,2.6642,0.705,42.796,31.78,1535.131
Rural,1,4.8048,0.243,82.225,34.788,4334.597
Urban,3,52.4375,3.213,14.815,10.76,309.824
,3,14.3381,0.695,36.557,33.794,759.465
Urban,3,8.1987,0.833,33.828,32.885,892.105
Urban,2,2.0535,0.946,16.177,12.474,1870.033
Urban,3,41.4952,6.914,12.626,11.703,197.009
Urban,3,60.3178,18.624,7.307,5.953,159
Rural,1,4.4734,0.357,22.541,12.958,3075.651
Urban,3,13.1122,1.074,NA,24.36,NA
Urban,3,16.2429,1.045,14.739,6.78,546.258
Urban,3,44.0026,17.514,26.064,24.557,345.172
Urban,3,26.334,2.171,18.226,14.676,322.666
Urban,3,51.8799,13.098,18.184,18.011,244.193
Urban,3,14.0078,0.984,18.21,13.688,678.009
Urban,3,66.8908,17.104,21.821,19.775,273.853
Urban,2,37.088,9.496,21.76,19.623,259.474
Urban,3,4.7167,0.846,29.331,28.271,1149.932
Urban,3,0.6678,0.283,69.238,55.57,5438.934
Urban,2,51.4784,3.116,10.896,12.921,190.789
Urban,3,6.7151,0.971,16.317,15.867,651.47
Rural,1,6.0195,0.349,37.123,34.508,1100.037
Urban,3,37.0287,9.457,14.471,13.732,224.581
Urban,3,62.7482,18.633,19.036,18.143,260.869
Urban,3,72.3061,17.639,22.092,24.406,315.162
Urban,3,16.01,1.054,16.856,16.917,344.215
Urban,3,5.9034,0.353,20.405,20.207,788.549
Urban,3,17.3709,0.876,15.605,20.573,517.616
Urban,3,3.4617,0.685,45.441,31.274,1351.653
Urban,3,46.1374,14.163,21.764,20.426,287.966
Urban,3,8.229,0.831,13.366,10.708,944.398
Rural,1,5.0982,0.38,50.594,49.055,953.876
Rural,3,8.3496,1.083,13.135,10.307,1074.711
Urban,3,15.6507,1.241,34.8,30.418,499.552
Urban,2,12.5395,0.913,31.983,31.546,481.342
Urban,2,1.9567,0.642,38.16,31.332,2121.559
Urban,3,48.3036,16.618,9,8.545,149.249
Urban,3,37.2982,9.498,9.418,11.146,232.022
Urban,3,31.75,7.309,23.104,NA,NA
Urban,3,12.124,0.814,26.712,22.742,650.349
Rural,3,2.386,0.68,18.096,17.559,1504.15
Urban,3,37.2917,9.487,7.464,5.708,209.926
Urban,3,53.4405,2.673,13.153,9.579,236.329
Urban,1,4.2085,0.619,31.903,33.836,1006.8
Urban,3,65.431,18.664,16.537,18.606,NA
Rural,2,69.8082,18.688,21.158,20.279,290.675
Urban,3,36.8213,8.493,29.135,25.042,337.557
Urban,3,14.4713,0.836,28.674,19.172,998.034
Urban,3,62.6776,17.254,NA,14.398,NA
Urban,3,7.9443,1.055,20.784,17.918,901.073
Urban,3,1.1001,0.515,46.005,46.156,3449.998
Urban,3,72.1099,18.624,6.717,7.072,159.903
Urban,3,21.2577,1.955,15.418,14.106,307.04
Urban,1,12.4147,0.948,29.89,29.327,496.521
,0,8.3143,0.999,18.336,5.703,1886.514
Urban,3,35.0374,8.806,21.38,19.396,289.055
Urban,3,53.0093,3.096,13.892,14.004,197.898
Urban,3,9.5307,0.867,23.499,16.937,770.593
Rural,1,12.1267,3.466,NA,25.925,NA
Rural,1,2.3724,0.383,19.554,18.288,1496.257
Urban,3,61.9949,3.015,17.058,13.866,229.467
Urban,3,73.8518,18.595,10.081,9.008,157.784
Rural,1,13.7995,0.872,27.658,26.836,750.004
Urban,3,49.7969,16.276,22.118,19.211,294.397
Rural,1,3.3738,0.429,42.785,41.42,1232.671
Urban,3,5.3002,0.705,40.134,23.043,981.839
Rural,2,1.3118,0.359,40.176,39.266,2793.894
Rural,2,23.9528,3.77,26.961,25.401,371.824
Urban,3,68.9189,18.449,11.566,11.593,176.989
Rural,1,15.6713,1.171,38.33,37.241,515.859
Urban,3,34.5164,8.473,10.372,11.155,207.242
Urban,3,72.6223,18.574,14.223,13.055,207.525
Urban,3,37.0745,9.35,18.586,17.923,277.371
Urban,3,32.267,2.068,NA,13.172,NA
Rural,1,4.5268,0.39,17.42,16.582,853.713
Urban,1,17.7528,0.983,14.289,14.044,341.174
Urban,3,10.0951,0.836,24.518,21.354,719.477
Urban,3,37.2849,10.017,11.351,9.606,190.194
Rural,0,15.6037,1.891,32.143,22.802,365.725
Urban,3,66.4512,18.576,7.841,6.281,205.855
Urban,3,3.1494,0.48,39.054,39.714,1351.311
Urban,3,49.052,3.095,10.438,7.959,174.602
Urban,3,54.1409,3.115,14.179,17.919,268.036
Urban,3,52.9646,3.095,12.16,13.297,228.285
Urban,3,37.1841,6.419,7.897,6.444,179.427
Urban,3,66.4454,18.672,18.601,17.273,268.942
Urban,3,36.9143,9.06,10.984,10.233,189.343
Urban,4,16.0533,0.765,29.892,28.949,492.392
Urban,2,6.8436,0.831,38.098,28.196,796.111
Urban,3,70.3692,18.709,8.294,8.533,156.013
Rural,3,5.6216,0.723,46.283,41.869,1297.753
Rural,0,6.6974,0.424,24.948,12.986,671.686
Urban,2,37.1733,9.6,19.776,16.069,262.665
Rural,2,7.653,1.118,18.394,17.147,564.037
Urban,3,69.4705,17.996,14.938,15.252,212.889
Urban,3,12.349,0.853,28.552,19.647,826.173
Urban,2,2.5526,0.398,29.867,NA,1554.877
Urban,3,27.6724,10.005,26.014,22.294,308.85
Urban,3,64.074,18.211,NA,14.002,NA
Urban,3,17.0393,0.968,13.99,12.887,312.907
Rural,1,6.7857,0.855,34.903,30.007,739.239
Rural,2,6.4624,0.679,34.782,33.319,1560.678
Rural,1,6.7436,0.787,36.188,35.35,801.776
Urban,3,4.0409,0.353,26.364,24.506,1073.801
Urban,3,15.9833,1.16,19.85,14.656,737.783
Urban,3,1.6923,0.42,58.393,60.287,2823.998
Urban,3,3.5439,0.818,23.211,16.147,1093.54
Rural,1,5.7437,0.355,46.98,47.039,1252.626
Urban,3,10.5966,0.77,24.478,23.54,936.214
Urban,3,30.9266,17.739,18.177,16.878,350.116
Urban,2,15.0093,0.808,33.498,24.046,575.64
Rural,1,6.5467,0.374,46.963,46.978,1347.204
Rural,1,5.6584,0.344,39.661,38.615,1254.355
Rural,1,5.6504,0.827,21.081,20.819,738.826
Urban,3,36.4818,9.28,19.79,19.307,417.801
Urban,3,7.4166,0.745,35.895,34.68,746.933
Urban,3,3.9243,0.649,41.405,28.151,1340.731
Urban,2,12.9695,0.748,37.657,36.995,614.93
Urban,3,12.2688,0.748,38.012,39.011,1326.327
Urban,3,1.5023,0.631,33.978,25.679,NA
Rural,1,36.8094,9.379,18.285,10.986,361.819
Urban,1,5.8798,0.361,44.003,43.965,1591.873
Urban,2,7.0093,0.865,NA,43.8,NA
Rural,1,5.18,0.363,45.133,43.997,1910.383
Rural,1,3.9357,0.369,48.121,46.957,1415.074
Urban,2,4.8667,0.362,33.773,33.704,3932.602
Urban,3,15.9744,0.751,29.702,28.763,530.322
Urban,3,15.0014,1.179,35,18.977,482.18
Urban,2,16.6967,1.079,25.072,18.269,465.487
Urban,2,28.6159,1.867,26.038,17.13,383.436
Rural,2,15.1837,0.744,28.843,20.425,1494.137
Urban,3,6.8798,0.788,41.209,NA,910.809
Urban,3,8.0093,0.908,29.175,28.5,653.076
Urban,3,8.9388,0.724,33.273,35.622,684.937
Urban,3,14.572,0.891,15.317,15.547,650.221
Urban,3,7.4931,0.827,29.411,29.202,821.056
Urban,2,29.7681,7.858,19.732,19.543,392.356
Urban,3,12.0106,1.062,29.644,11.023,879.5
Rural,1,6.537,0.371,NA,49.487,NA
Urban,3,2.7305,0.758,36.421,31.972,1724.703
Urban,3,11.975,0.84,23.151,22.338,860.499
Urban,3,9.4744,0.582,35.821,27.5,1261.547
Rural,2,6.5054,0.903,25.112,22.804,731.406
Urban,3,4.4344,0.595,47.987,47.962,1553.803
Urban,3,11.3357,0.976,29.695,29.874,563.348
Urban,3,19.2613,1.19,21.443,19.259,428.476
Rural,1,6.4454,0.839,25.793,22.289,716.55
Urban,3,12.8885,0.633,30.129,20.473,2267.171
Urban,3,34.9127,1.865,NA,13.639,NA
Urban,3,8.4111,1.022,9.169,7.591,912.032
Urban,1,4.0132,0.594,47.55,44.618,1117.962
Urban,2,4.8121,0.806,NA,27.978,1028.089
Urban,3,5.8474,0.804,43.563,36.893,875.712
Urban,3,28.6264,17.471,10.267,13.078,312.154
Rural,1,1.3248,0.543,52.178,43.33,2920.668
Urban,2,16.311,1.03,27.162,23.77,NA
Urban,3,7.8402,0.746,NA,22.925,NA
Urban,2,0.8593,0.351,33.911,31.956,3798.019
Urban,2,2.0855,0.677,37.736,33.099,1916.88
Urban,2,9.9979,0.658,25.056,26.331,769.637
Urban,3,2.117,0.937,32.972,25.444,2522.259
Rural,1,1.1754,0.403,53.16,55.875,5317.991
Urban,3,7.7014,0.738,44.697,38.669,909.612
Rural,1,1.7537,0.369,16.588,15.034,2054.734
Urban,2,33.4981,9.309,21.629,11.801,463.414
Urban,1,16.2468,1.088,14.293,13.186,597.987
Urban,3,11.9206,0.862,21.884,14.543,619.31
Urban,3,19.7113,1.949,15.085,16.287,615.917
Urban,3,13.3742,0.857,15.038,14.427,417.902
Rural,1,1.7423,0.373,55.174,54.768,2712.07
Rural,3,1.1196,0.335,34.754,38.123,3854.067
Urban,3,34.2525,1.702,NA,17.789,NA
Urban,3,2.4186,0.324,38.465,27.797,1779.328
Urban,3,12.5795,0.857,35.168,28.307,555.263
Rural,1,1.3342,0.381,NA,42.193,NA
Urban,2,5.0171,0.981,28.208,27.346,873.912
Urban,3,13.872,0.372,17.04,16.752,530.805
Rural,2,2.5222,0.675,51.002,39.215,1909.942
Urban,3,10.5016,0.901,29.348,22.279,507.71
Urban,3,34.386,1.696,18.076,14.273,429.439
Urban,3,5.7737,1.031,26.161,19.23,1211.236
Rural,1,1.4227,0.354,31.42,25.219,2771.191
Urban,3,15.5031,5.586,31.904,28.337,512.079
Rural,2,34.6595,9.161,23.16,22.003,388.516
Urban,3,5.5115,0.87,30.746,24.466,1121.094
Urban,3,35.9462,17.624,11.996,12.172,350.249
Urban,2,36.575,9.406,18.12,11.442,326.808
Rural,1,2.2819,0.369,25.823,24.002,2141.418
Urban,3,19.3675,1.073,18.139,9.672,392.843
Rural,1,3.1927,0.379,NA,24.348,NA
Rural,1,2.4669,0.622,38.537,29.729,1565.509
Urban,3,8.3088,0.885,25.188,24.42,956.898
Rural,3,0.6386,0.448,42.924,31.676,6905.913
Urban,3,12.195,0.836,31.475,26.175,620.819
Rural,1,4.9385,0.358,35.111,33.685,976.199
Urban,1,6.66,0.371,31.632,30.83,839.583
,3,5.9938,0.736,47.086,35.04,1294.686
Rural,1,1.9597,0.295,47.63,47.036,2396.809
Urban,3,3.8312,0.824,NA,18.678,NA
Rural,1,2.0121,0.368,60.161,54.568,1999.169
Urban,2,12.8827,1.045,24.031,15.68,616.249
Urban,2,13.3257,1.072,NA,11.112,NA
Urban,3,1.5464,0.699,32.471,32.281,2801.132
Urban,3,14.758,0.809,30.502,23.346,709.848
Rural,1,6.5734,0.68,25.649,27.268,729.315
Urban,1,3.2011,0.448,43.003,38.531,1464.776
Urban,4,7.1343,0.669,40.291,31.261,1197.964
Rural,2,2.1334,0.351,41.524,41.033,2188.749
Urban,3,5.4332,0.855,42.929,33.655,799.723
Urban,3,10.0463,0.756,37.508,31.235,621.601
Urban,3,6.7056,0.833,31.445,30.826,803.25
Urban,4,8.7202,0.699,30.276,32.77,713.666
Rural,1,12.7019,0.74,NA,23.504,NA
Rural,1,10.7589,0.377,18.131,18.367,589.927
Urban,3,6.6121,0.768,38.057,30.209,732.319
Urban,3,1.8033,0.753,39.161,29.518,2070.491
Urban,3,3.5901,0.722,20.633,18.962,1190.783
Urban,3,36.5189,1.847,15.953,7.58,198.129
Rural,1,2.3615,0.7,22.314,11.859,1541.344
Rural,2,1.5263,0.399,35.776,31.399,2537.729
Urban,3,10.9399,0.671,30.02,17.244,469.637
Rural,0,2.8429,0.37,52.056,43.917,1484.46
Urban,3,29.745,6.822,21.707,21.538,493.523
Urban,2,4.959,1.107,27.494,26.176,823.347
Rural,3,4.758,0.68,38.01,28.41,889.691
Urban,3,70.7452,18.539,16.662,7.641,156.499
Urban,3,7.8178,1.09,13.756,12.069,1082.058
Rural,1,3.7587,0.687,38.258,30.297,1389.385
Rural,1,3.769,0.768,30.084,28.92,1107.182
Urban,2,40.5422,6.877,17.313,16.095,238.056
Rural,1,0.6382,0.361,38.912,37.596,5347.526
Urban,3,37.141,9.942,17.348,13.662,261.463
Rural,1,4.2067,0.815,44.057,42.785,1535.12
Rural,1,2.3304,0.387,43.619,34.522,1640.123
Urban,1,4.0312,0.367,25.495,24.866,1055.878
Urban,3,72.7667,18.712,23.225,22.842,287.983
Urban,2,15.1326,0.847,30.342,21.215,471.449
Urban,2,14.7642,0.806,21.992,25.045,541.908
Rural,1,6.1937,0.367,36.128,27.993,871.818
Urban,2,67.9342,18.557,10.528,9.353,155.145
Rural,1,1.4858,0.4,41.762,29.747,2341.482
Urban,1,9.196,1.019,21.72,21.697,514.456
Rural,1,2.1531,0.516,40.476,35.343,1767.981
Urban,3,74.0138,17.245,7.606,6.297,165.188
Urban,3,44.5035,10.006,13.975,11.94,212.191
Rural,1,1.073,0.369,38.706,34.872,3302.524
Rural,2,19.9271,0.976,21.418,17.635,428.429
Urban,3,52.3692,16.838,26.691,28.59,395.835
Urban,3,33.0097,6.631,20.616,20.292,309.046
Urban,2,37.2702,9.511,20.182,18.363,258.268
,0,36.9696,9.607,21.736,20.611,303.4
Urban,1,70.6321,17.255,22.123,21.293,286.872
Urban,3,30.221,6.055,23.465,21.966,311.269
Urban,3,27.8652,6.137,26.548,25.802,332.103
Urban,3,18.9074,0.906,18.741,18.241,359.355
Urban,3,55.5551,18.458,31.563,30.417,389.295
Rural,1,5.8751,0.377,38.632,26.161,745.588
Urban,3,65.7598,17.128,18.564,17.48,244.13
,0,17.7181,0.414,18.238,18.109,649.175
Urban,2,57.213,13.188,17.347,16.803,230.076
Urban,3,37.1128,9.479,12.561,11.597,198.613
Urban,3,59.4617,17.122,19.375,19.331,263.062
Rural,2,3.1497,0.365,45.09,44.478,1371.056
Urban,2,49.0408,18.546,11.088,11.684,182.81
Urban,3,11.4735,0.925,18.3,18.39,412.23
Urban,3,37.2285,10.027,9.056,5.763,238.315
Urban,3,36.7541,9.464,17.176,16.925,265.908
Urban,3,53.5401,18.403,23.16,22.386,303.794
Urban,3,34.9331,17.24,26.676,25.659,325.038
,0,5.5732,0.383,27.816,27.515,765.82
,0,11.2544,1.023,20.247,20.045,450.507
Urban,1,13.3312,0.985,15.153,13.032,422.996
Rural,3,3.2525,0.531,36.534,35.339,1321.984
,0,6.0235,0.394,50.496,48.936,1147.428
,0,6.7437,0.381,36.985,34.951,964.878
,0,19.1175,1.135,16.198,19.202,350.262
Urban,2,15.4143,1.004,27.803,26.641,469.664
,0,36.7902,1.861,22.049,13.39,231.545
Urban,2,55.4505,17.182,26.18,25.884,352.584
,0,5.7558,0.435,31.862,30.012,770.956
Urban,3,60.6297,18.544,15.972,14.322,215.142
,0,72.6149,18.61,9.779,8.157,143.829
Rural,1,4.2572,0.356,34.791,33.177,1174.06
Urban,3,70.1923,17.172,8.523,8.515,155.28
Urban,3,31.9911,9.43,18.415,13.319,274.479
Urban,3,9.4686,1.048,13.115,13.577,806.666
Urban,3,62.0485,3.011,13.712,9.379,174.463
Urban,3,59.9619,3.001,16.192,11.713,203.114
Urban,3,53.357,3.1,12.171,9.559,177.184
Urban,3,37.1752,9.976,12.156,10.476,191.597
Urban,3,53.7607,3.093,11.347,8.773,185.59
Urban,3,62.038,3.008,12.597,9.749,187.036
Urban,3,29.8969,1.967,11.769,9.32,446.521
Urban,3,46.0023,2.999,11.684,9.839,168.633
Urban,4,12.8804,0.794,27.201,26.903,476.606
Urban,2,3.2157,0.329,27.723,18.722,1203.602
Urban,3,16.6052,1.24,NA,11.225,NA
Urban,3,7.8382,0.916,19.42,11.602,521.012
Urban,4,2.2375,0.699,28.896,29.829,2085.489
Urban,4,7.3541,0.73,26.631,27.071,764.851
Urban,3,56.0234,18.188,16.901,16.294,226.94
Urban,4,4.091,0.479,30.323,29.33,1667.581
Urban,4,2.7615,0.674,24,25.291,1564.546
Urban,4,7.2466,0.729,23.916,25.144,663.513
Urban,4,56.2274,11.147,14.568,7.609,270.479
Urban,4,3.1196,0.629,24.798,26.949,1362.664
Urban,3,61.9524,3.008,12.85,11.172,231.199
Urban,3,101.7839,6.942,15.94,15.01,301.216
Urban,2,10.8889,1.211,17.86,13.443,NA
Urban,3,19.3985,6.806,35.315,20.903,623.639
Urban,3,52.8699,10.452,11.3,11.231,187.263
Urban,3,14.3657,1.164,21.852,14.561,588.027
Urban,3,12.7645,4.035,28.283,25.5,500.168
Urban,2,15.4209,0.967,21.112,13.712,379.281
Urban,3,5.9611,0.829,33.297,35.916,860.008
Urban,3,10.5254,0.871,18.263,17.548,465.956
Urban,2,18.7302,1.027,25.156,25.176,442.528
Urban,3,50.2623,17.289,21.553,20.522,314.346
Rural,1,4.2638,0.382,24.597,23.755,969.948
Urban,3,64.029,18.63,27.526,26.595,374.528
Urban,3,43.9756,18.545,8.928,9.007,214.688
Urban,1,66.7579,18.441,17.988,17.585,269.213
Urban,3,17.809,0.97,25.891,24.421,479.039
Urban,3,6.6206,0.4,33.302,31.963,822.912
Rural,3,2.1788,0.486,29.945,26.634,1950.206
Urban,3,15.6241,0.99,22.39,20.292,415.597
Urban,3,14.9661,0.973,19.648,19.641,403.25
Urban,2,50.3369,3.437,18.288,17.066,323.763
Urban,4,50.5222,13.398,10.83,11.519,201.93
Rural,1,14.4173,0.93,18.428,18.221,397.47
Urban,3,2.7986,0.376,NA,27.103,NA
Urban,4,12.0039,0.788,29.302,28.023,492.379
Urban,3,74.089,18.57,8.152,6.794,171.587
Urban,3,46.8328,13.942,27.832,26.021,424.32
Urban,3,73.9592,17.176,21.297,20.493,312.16
Urban,3,62.1773,2.996,12.91,9.048,184.408
Urban,2,14.1822,1.2,18.498,16.813,413.65
Urban,3,5.2876,0.747,20.315,16.358,3169.303
Urban,3,54.1201,3.476,14.666,21.122,343.219
Urban,3,32.5761,2.379,15.199,12.819,291.577
Urban,3,54.1735,3.116,13.932,12.105,203.152
Urban,3,29.8122,1.98,11.248,9.474,182.267
Urban,3,1.7442,0.468,49.558,39.449,2033.468
Urban,3,55.3764,3.305,14.493,12.828,297.722
Rural,1,6.822,0.836,36.892,26.47,665.791
Urban,2,18.2144,1.05,14.684,14.786,334.523
Urban,3,30.7959,1.978,13.475,11.773,208.517
Urban,3,66.3731,17.277,11.775,10.337,181.757
Urban,3,75.6106,12.134,17.529,17.66,357.062
Urban,3,94.6489,11.399,14.855,10.933,175.192
Urban,3,51.9253,9.309,9.028,7.656,183.642
Urban,3,65.545,18.362,10.084,9.815,197.942
Urban,3,101.4015,11.405,10.908,8.549,177.925
Urban,3,135.3021,12.288,13.946,10.494,249.879
Rural,3,63.0432,6.022,34.249,25.721,671.571
Urban,3,137.1101,12.266,16.151,14.034,244.485
Urban,3,88.6757,12.246,17.264,20.978,380.492
Urban,3,126.4154,12.056,14.169,10.176,184.023
Urban,3,13.9779,0.532,29.048,19.757,682.676
,0,6.2211,0.76,32.516,24.649,818.272
Urban,2,13.9594,1.009,18.753,18.034,396.836
Rural,3,8.5961,0.929,NA,11.425,NA
Urban,2,5.1187,1.006,11.755,11.723,920.621
Urban,3,30.1779,1.963,23.667,23.121,349.847
Urban,3,11.1429,0.972,34.056,32.255,540.699
Urban,3,23.5854,7.994,39.396,38.112,547.016
Rural,1,10.0889,0.782,59.231,60.616,2555.682
Urban,2,14.2847,0.97,29.352,20.023,579.76
Urban,3,55.2506,17.314,17.127,16.487,252.006
Urban,3,70.4059,16.69,12.759,11.848,245.617
Urban,3,12.8968,1.13,9.698,6.778,811.987
Urban,3,1.5663,0.602,20.265,10.666,3931.578
Rural,3,37.2082,10.123,12.811,9.885,210.536
Urban,3,27.7262,1.908,17.732,21.31,318.091
Urban,3,24.2285,12.477,24.779,18.392,360.256
Rural,1,41.499,9.476,13.385,12.391,198.57
Urban,3,70.7295,18.405,7.877,7.749,146.14
Rural,1,2.9865,0.412,61.229,59.659,1636.896
Rural,1,0.5748,0.466,58.894,45.933,6789.508
Urban,3,5.776,0.732,27.151,22.965,940.591
Urban,3,37.2216,10.004,11.486,8.116,242.545
Urban,3,51.6919,18.117,14.71,14.188,247.335
Rural,1,37.1469,8.801,21.339,20.062,337.893
Urban,2,51.5264,13.164,26.139,25.638,343.236
Urban,3,14.2621,0.684,24.531,23.831,455.939
Urban,3,74.2006,17.271,7.262,6.519,143.405
Urban,3,73.7087,17.39,13.191,12.377,212.186
Urban,3,115.8449,12.144,17.938,18.828,313.779
Urban,3,70.7461,17.938,14.822,13.047,246.45
Urban,3,73.9701,18.717,19.497,18.56,261.37
Urban,3,29.5788,7.7,24.306,23.628,325.072
,3,41.8788,7.21,25.089,23.613,358.928
Urban,3,72.4128,17.255,18.594,16.217,272.902
Urban,3,70.9546,18.596,17.578,16.625,291.515
Rural,3,62.0347,3.012,12.412,8.958,160.244
Urban,3,73.4549,17.26,15.259,14.496,223.222
Urban,3,73.9009,18.568,10.17,8.919,190.126
Urban,3,53.1078,16.751,11.273,10.242,183.877
Urban,3,73.1289,17.381,12.548,11.66,193.702
Urban,3,43.6641,12.543,23.744,22.259,318.317
Urban,3,40.7825,11.753,13.433,10.398,354.914
Urban,3,72.1235,17.173,17.249,17.377,255.316
Urban,3,94.2873,10.896,13.101,14.225,244.101
Urban,3,70.5628,17.311,18.082,17.152,280.153
Urban,3,117.5369,12.252,17.36,19.558,337.795
Urban,3,123.2517,11.434,13.923,17.281,300.77
Urban,3,125.3025,12.297,16.709,16.483,338.982
Urban,3,89.2855,6.03,12.71,15.026,286.112
Rural,1,2.4525,0.388,37.314,35.429,1966.756
Urban,3,125.6736,11.962,17.461,17.02,292.233
Urban,3,139.4163,12.188,15.637,16.906,325.655
Urban,3,81.1033,11.7,13.533,12.182,229.95
Urban,3,132.6398,12.057,14.742,12.879,200.201
Urban,3,128.4319,12.127,14.648,17.61,265.473
Urban,3,141.1673,12.161,14.144,19.023,313.045
Urban,3,142.9832,12.22,15.728,14.904,249.46
Urban,3,84.2028,11.62,22.104,15.837,240.622
Urban,3,135.3288,11.863,16.261,16.728,267.092
Urban,3,158.7122,12.059,11.315,8.526,169.736
Urban,3,52.2778,3.345,13.367,12.185,298.111
Urban,3,122.562,11.724,17.522,16.932,341.831
Urban,3,156.5443,11.972,16.035,8.876,209.706
Urban,3,31.6388,12.729,22.297,15.023,403.321
Urban,3,131.6455,12.255,12.941,9.289,239.292
Urban,3,62.2651,18.566,13.554,12.393,210.02
Urban,3,48.406,7.557,21.255,20.666,294.04
Urban,3,32.6372,1.979,10.65,12.224,240.611
Rural,1,2.9422,0.746,NA,32.103,NA
Urban,3,33.2692,14.194,18.502,17.865,322.355
Urban,3,48.2022,13.743,27.953,26.799,386.61
Urban,1,73.6285,17.102,22.151,21.248,333.208
Rural,2,53.2527,17.919,22.234,20.906,296.448
Urban,3,73.4182,17.208,17.478,16.849,246.557
Urban,3,56.8971,17.29,8.302,7.284,185.59
Urban,3,67.8036,18.407,15.121,6.399,192.167
Urban,2,73.1067,17.177,17.399,17.21,265.77
Urban,3,62.0808,2.998,14.053,9.69,198.592
Urban,3,59.8597,2.998,25.088,11.137,261.63
Urban,3,68.8267,18.622,16.094,16.094,236.395
Urban,3,61.5633,3.01,18.083,13.115,232.534
Urban,3,70.7197,17.361,24.414,23.067,352.35
Urban,3,57.925,3.018,13.01,9.313,185.201
Urban,3,67.2279,19.026,10.779,9.676,164.585
Urban,3,73.7562,17.293,12.494,11.791,203.233
Urban,3,39.7775,16.261,20.497,19.293,2315.334
Urban,1,70.161,17.331,9.815,8.067,164.252
Urban,3,29.7894,1.968,10.848,7.953,194.249
Urban,3,53.8563,3.284,15.685,22.27,341.891
Urban,3,109.2279,11.912,11.176,13.617,248.757
Urban,3,54.1409,3.116,13.564,14.057,211.587
Urban,3,138.3715,12.206,18.743,13.61,274.693
Urban,3,138.5283,12.259,15.373,13.609,255.063
Urban,3,51.644,16.266,10.622,8.659,370.528
Urban,3,112.5049,11.413,32.329,13.4,1065.106
Urban,3,52.357,11.213,24.383,23.478,331.027
Urban,3,127.1365,11.343,15.812,14.629,307.753
Urban,3,132.4713,12.086,12.979,12.791,251.197
Urban,3,60.7742,11.459,15.147,13.275,202.494
Urban,3,116.5235,12.285,16.824,13.668,271.158
Urban,3,156.9946,12.158,13.682,13.212,244.799
Urban,3,53.7208,3.119,11.712,13.388,217.106
Urban,3,53.7924,3.117,12.586,9.741,209.057
Urban,2,144.7585,12.308,13.789,10.314,237.542
Urban,3,49.6194,3.023,13.275,12.34,222.689
Urban,1,158.7694,12.047,16.349,12.486,237.531
Rural,3,17.1908,4.751,27.195,25.935,430.896
Urban,3,123.1253,11.497,15.064,11.682,248.306
Urban,3,87.0292,10.797,14.337,10.619,199.5
Urban,3,73.8823,17.203,12.53,11.385,179.288
Urban,3,109.2009,11.535,14.82,15.807,270.809
Urban,3,53.4473,3.121,16.921,16.255,260.225
Urban,3,104.0495,6.227,13.145,12.798,229.995
Urban,3,12.9489,1.088,17.7,9.141,835.884
Urban,3,52.3372,10.747,14.98,16.062,244.236
Urban,3,54.7207,13.065,20.984,19.785,289.513
Urban,3,73.441,18.511,10.195,8.778,164.854
,3,30.3966,9.081,16.175,13.005,256.08
Urban,3,37.2149,8.389,9.516,6.483,434.989
Rural,1,6.6902,0.394,NA,44.498,NA
Urban,2,36.5745,18.58,13.529,13.262,211.168
Urban,3,13.5349,1.265,27.688,17.708,428.677
Rural,3,2.9464,0.377,30.194,28.816,1401.423
Urban,3,70.6158,15.741,16.186,14.112,268.744
Rural,1,6.0442,0.386,42.265,41.334,1009.47
Urban,1,6.0957,0.676,32.217,30.705,743.194
Urban,3,15.9555,0.796,20.731,20.309,412.024
Urban,3,4.6723,0.947,26.847,25.452,877.123
Urban,1,67.6075,18.468,15.596,15.563,287
Urban,3,10.4157,1.29,16.664,16.042,475.664
Urban,3,25.2998,7.75,15.522,15.675,291.208
Urban,3,37.2592,9.311,11.011,11.26,213.698
Urban,3,133.5832,12.005,11.854,12.434,214.644
Urban,3,124.6168,12.275,14.727,14.829,286.657
Urban,3,74.087,18.56,14.371,13.286,218.797
Urban,3,32.7611,1.862,8.801,14.083,257.561
Urban,3,64.3372,17.204,17.641,23.576,322.287
Urban,3,69.4163,18.531,10.668,10.541,196.927
Urban,2,9.5786,0.702,27.784,31.271,1173.85
Urban,3,47.9858,6.097,18.489,16.566,271.255
Urban,3,7.4347,1.046,32.597,13.755,1091.539
Urban,2,46.6573,7.333,20.96,18.702,310.859
Urban,3,65.0675,18.587,7.222,6.821,166.234
Urban,3,15.8245,0.864,23.248,22.667,600.812
Rural,2,2.8209,0.678,50.375,40.521,1629.788
Urban,3,41.0666,9.655,9.183,9.28,215.934
Urban,3,19.2227,1.071,25.402,6.546,531.141
Urban,2,18.415,1.124,14.309,12.452,586
Rural,2,6.6955,0.901,21.551,17.862,975.025
Rural,2,16.0378,0.531,NA,15.104,NA
Urban,3,15.8421,0.711,28.529,28.559,962.202
Urban,3,50.7951,12.949,15.652,15.64,244.253
Urban,3,24.6924,5.315,25.016,17.849,275.156
Urban,3,23.5577,6.737,25.316,25.51,347.329
Rural,1,1.068,0.488,47.906,37.86,3767.754
Urban,3,3.2821,0.646,32.804,36.967,1222.467
Urban,2,17.4741,0.789,25.981,21.195,968.286
Urban,1,13.1689,0.761,29.795,23.211,593.366
Rural,1,2.7366,0.368,23.338,18.692,1731.797
Urban,3,9.8162,0.333,43.164,32.139,998.118
,0,6.8362,0.831,32.613,23.933,662.564
Rural,1,1.4518,0.387,67.786,58.804,2888.946
Rural,1,21.3537,4.599,23.275,21.901,318.622
Rural,3,1.9299,0.343,61.121,55.493,2561.674
Rural,1,1.7915,0.381,40.43,35.16,1829.867
Urban,3,44.6756,6.462,22.811,22.863,294.475
Urban,3,18.8107,0.871,21.761,13.439,403.185
Rural,3,23.8745,4.352,23.511,21.888,339.228
Urban,3,61.9828,18.595,18.896,17.22,262.154
Urban,4,3.6806,0.676,28.867,30.96,1250.666
Urban,4,4.9374,0.748,39.249,35.945,1084.784
Urban,4,6.5493,0.746,25.784,24.972,820.173
Urban,4,6.0994,0.722,29.2,28.65,889.436
Urban,4,58.6469,9.357,9.787,7.775,214.657
Urban,4,11.7615,0.73,29.266,29.03,518.29
Rural,4,4.7635,0.9,11.679,14.016,953.831
Rural,4,15.9111,0.746,28.904,28.186,474.327
Urban,4,11.5527,0.743,29.606,28.868,523.531
Urban,4,6.6725,0.528,29.588,29.134,801.415
Urban,4,10.3269,0.719,28.723,28.301,574.934
Urban,4,5.9958,0.803,28.657,28.014,896.543
Urban,4,4.85,0.813,19.698,21.12,978.768
Urban,4,6.3615,0.731,28.598,29.726,787.345
Urban,4,11.0008,0.74,25.054,26.797,525.619
Urban,4,13.9531,0.751,26.575,27.687,442.335
Urban,4,9.7829,0.888,37.291,36.456,545.652
Urban,4,11.7023,0.739,26.164,25.22,460.233
Urban,1,8.5826,0.953,18.569,17.195,669.551
Urban,4,7.659,0.729,30.17,31.667,773.012
Urban,4,5.1541,0.763,27.432,29.768,1012.414
Urban,4,10.0354,0.733,25.375,26.705,610.319
Urban,4,7.1865,0.731,27.4,27.231,813.452
Urban,4,11.6783,0.742,24.319,25.166,488.531
Urban,4,12.929,0.75,25.529,24.713,448.304
Urban,4,14.1008,0.727,27.402,26.525,688.004
Urban,4,6.5415,0.741,26.389,25.348,816.951
Urban,4,8.1828,0.689,31.066,31.638,957.047
Urban,4,12.0956,0.894,12.923,11.94,542.763
Urban,4,6.9445,0.821,27.096,28.027,835.008
Urban,4,3.1351,0.746,52.266,49.563,1746.89
Urban,4,4.2094,2.286,24.173,14.893,1742.271
Urban,4,15.9838,0.738,26.852,26.281,444.696
Urban,4,15.9776,0.749,29.736,28.911,421.891
Urban,4,5.9578,0.749,29.524,28.929,885.462
Urban,4,9.8162,0.689,29.803,29.433,623.018
Urban,4,55.8309,9.55,10.84,8.011,306.627
Urban,4,37.7646,5.325,10.727,11.9,291.832
Urban,3,11.8258,0.728,18.191,16.505,409.69
Urban,3,73.0347,18.493,15.915,14.446,228.487
Urban,3,73.5768,18.93,17.185,16.554,246.04
Urban,3,11.1511,0.705,41.85,29.392,693.511
Rural,3,37.3378,9.384,13.447,6.052,225.367
Urban,3,43.8346,6.89,19.331,17.249,372.439
Urban,3,87.1753,27.905,17.213,8.49,165.273
Rural,2,8.996,0.857,15.192,13.45,NA
Urban,3,14.7623,0.958,11.091,13.029,361.215
Urban,2,16.9365,0.967,40.945,40.7,570.182
Urban,3,53.5248,13.104,12.567,12.586,227.209
Urban,3,32.5266,7.483,9.044,9.738,216.803
Urban,3,36.6796,18.249,24.532,24.719,339.204
Urban,3,53.6151,18.567,20.662,20.735,282.505
Urban,1,3.7681,0.375,49.048,47.93,1420.797
Urban,3,36.3858,9.597,22.603,16.302,264.372
Urban,3,73.0037,19.043,8.529,7.764,146.185
Urban,3,66.7168,17.454,14.793,12.982,201.523
Rural,1,4.685,0.379,43.995,42.581,897.325
Urban,1,12.8486,0.843,35.405,25.63,484.637
Urban,2,12.958,1.008,22.789,13.621,516.768
Urban,3,32.3637,9.258,17.421,13.252,351.581
Urban,3,11.207,1.011,31.822,23.642,569.157
Urban,2,50.4988,14.237,22.19,20.911,274.183
Rural,1,1.8649,0.368,13.105,10.808,1927.76
Rural,1,5.8573,0.389,32.003,21.41,1954.402
Urban,3,33.6537,9.56,29.029,20.419,677.243
Urban,3,70.5107,17.791,23.639,16.285,499.209
Urban,3,7.9787,1.039,23.083,18.502,1044.356
Urban,2,17.5484,0.953,18.656,17.877,334.1
Urban,2,16.4821,0.863,NA,21.764,NA
Rural,1,1.7077,0.576,35.225,33.94,2177.426
Urban,1,16.8858,0.852,27.677,21.337,370.281
Urban,3,7.4828,1.042,26.357,26.325,617.709
Urban,2,67.636,18.545,16.212,15.993,223.992
Urban,2,14.7038,3.609,21.015,20.359,639.244
Urban,2,2.7908,0.751,35.406,35.079,1522.705
Urban,2,7.4598,1.048,15.54,14.761,565.388
Urban,2,12.2461,1.058,14.618,12.803,798.851
Urban,3,3.0291,0.351,26.534,24.896,2105.651
Rural,1,4.8835,0.377,42.344,40.634,1345.341
Urban,1,67.4073,18.567,7.415,7.836,141.228
Urban,3,51.3062,11.575,13.344,13.046,199.309
Urban,1,16.7635,1.043,16.058,15.831,310.029
,0,11.2092,0.994,10.217,9.239,397.322
Urban,3,18.6182,1.025,26.141,25.716,399.925
Urban,3,16.3447,1.028,13.204,13.342,299.365
Urban,3,40.982,16.428,15.692,15.517,234.239
Urban,3,37.5209,20.799,12.599,12.562,221.599
Urban,3,61.4616,15.696,9.87,8.847,165.665
Rural,3,18.5679,4.224,17.215,17.443,388.016
Urban,3,32.7135,9.384,22.094,20.691,318.986
Urban,3,69.9869,17.016,11.615,11.475,160.079
Urban,3,40.7879,6.233,31.101,30.14,357.178
Urban,3,65.7298,18.538,15.812,15.498,203.903
Rural,3,37.2429,9.294,9.803,11.06,227.644
Urban,3,14.2849,0.366,19.265,18.549,524.986
Urban,3,48.9655,11.123,12.475,11.059,230.47
Urban,1,73.7083,18.584,10.903,9.725,177.606
Rural,2,2.5167,0.638,57.229,46.422,1963.792
Urban,3,2.7869,0.623,31.79,35.061,1394.551
Urban,3,8.2982,0.846,28.689,33.471,731.685
Urban,2,15.0048,0.781,27.882,19.638,423.628
Urban,2,13.1022,0.83,26.809,18.336,512.149
Urban,3,99.3453,4.724,14.261,10.615,239.408
Urban,3,90.4932,11.493,48.284,13.334,435.29
Urban,3,153.0775,12.221,13.381,12.717,304.198
Urban,3,135.274,10.299,19.348,15.935,270.931
Urban,2,149.9611,11.974,17.393,17.61,267.104
Urban,3,158.4361,10.948,11.668,8.539,172.301
Rural,3,53.1676,19.004,13.206,12.993,209.298
Urban,3,36.1785,8.698,21.49,20.788,291.37
Urban,3,53.5099,17.292,21.07,20.676,262.743
Urban,3,35.8601,8.741,15.555,13.731,223.772
Urban,3,36.8033,9.321,17.788,16.298,211.413
Urban,3,37.3499,8.781,12.211,10.425,258.932
Urban,3,32.2863,6.169,21.138,19.799,268.067
Urban,3,45.3016,16.303,21.389,24.001,292.734
Urban,3,66.2479,17.214,8.574,7.433,171.831
Urban,3,36.6903,8.643,12.2,11.525,223.426
Urban,3,36.25,7.38,27.686,26.336,300.879
Urban,2,124.4297,10.707,27.736,24.352,391.974
Urban,3,110.0739,12.304,14.243,10.514,240.665
Urban,3,95.1926,11.074,9.7,12.698,238.011
Urban,3,102.1303,11.569,14.871,13.814,255.064
Urban,3,32.7651,5.21,28.537,22.598,475.712
Urban,3,94.4815,5.033,13.244,14.216,244.493
Urban,2,111.3774,11.397,12.364,11.8,208.664
Urban,2,93.2607,11.62,22.454,12.705,257.911
Urban,3,85.3208,11.079,17.119,19.531,323.465
Urban,3,143.1691,12.185,17.016,18.442,311.242
Urban,3,115.9972,11.446,46.527,10.927,1634.244
,0,101.0484,12.292,13.695,10.863,237.176
Urban,3,125.0672,12.013,10.589,8.13,170.854
Urban,3,137.2673,12.27,14.319,15.103,292.657
Urban,3,140.4143,11.249,13.966,16.92,279.508
Urban,3,120.2468,12.283,14.358,12.931,256.18
Urban,3,119.8442,11.631,17.479,20.964,341.135
Urban,3,143.0445,12.131,12.845,19.279,266.863
Urban,3,135.5995,9.955,19.344,19.038,559.546
Urban,3,134.0633,12.085,12.821,14.071,202.602
,0,114.683,11.459,11.09,9.324,170.261
Urban,3,52.1681,3.059,23.049,13.599,512.125
Urban,3,105.8058,6.219,10.156,8.661,180.079
Urban,3,135.2614,11.889,12.323,13.97,251.896
Urban,3,54.1777,18.555,16.413,16.134,231.643
Rural,1,0.7975,0.438,50.452,37.25,4400.134
Urban,1,18.4954,1.034,14.649,14.021,318.073
Urban,1,1.9487,0.523,NA,39.687,1979.735
Urban,1,14.1598,0.727,33.023,35.799,944.536
Urban,3,61.2199,18.369,18.822,18.624,223.239
Rural,3,0.7723,0.376,31.327,30.095,4432.318
Urban,3,37.1488,1.84,NA,13.663,NA
Rural,2,2.7251,0.482,40.016,38.571,1629.184
Urban,3,2.602,0.576,39.974,32.293,1545.808
Urban,3,15.2781,0.979,19.931,14.404,671.183
Urban,4,17.6689,0.748,29.837,28.832,411.122
Urban,4,8.8548,0.738,28.201,29.639,677.636
Rural,2,3.0863,0.683,39.048,29.656,1304.781
Rural,1,1.1813,0.387,44.654,35.622,2953.94
Urban,3,68.6263,18.554,19.91,19.502,237.825
Urban,3,5.3877,0.367,22.706,12.943,1062.457
Rural,3,17.4884,3.619,19.478,15.364,307.397
Urban,3,16.1103,0.681,22.378,25.628,442.676
Rural,1,16.1856,0.95,33.358,32.488,440.313
Rural,2,1.2491,0.599,42.023,35.324,2928.262
Urban,3,22.2732,3.845,11.009,9.148,229.595
Rural,1,18.1248,2.333,24.915,23.699,373.331
Urban,3,3.424,0.487,40.985,31.8,1366.429
Rural,1,14.9861,0.995,21.799,21.245,394.05
Urban,3,61.3218,18.175,27.977,25.696,334.992
Urban,3,11.3733,0.878,25.151,21.319,455.9
Urban,3,33.4451,6.015,24.302,23.514,297.134
Urban,1,18.9718,0.981,19.867,18.489,348.184
Rural,2,58.8008,16.735,10.35,8.523,163.033
Urban,2,20.1739,1.113,16.17,14.57,576.016
Urban,2,49.3786,13.268,13.756,12.334,208.87
Urban,3,67.6415,17.928,14.469,13.151,180.531
Urban,3,65.9646,16.77,12.404,11.151,249.427
Rural,3,33.5867,7.567,20.282,19.889,294.678
Rural,1,0.9778,0.542,31.795,29.857,3262.27
Rural,2,4.4143,0.785,31.623,35.77,958.8
Urban,2,6.8979,0.637,36.319,36.647,755.81
Rural,2,3.6849,0.678,41.859,32.871,1172.046
Rural,1,5.4253,0.372,23.056,22.15,798.282
Urban,3,61.9519,17.537,15.762,15.146,204.252
Urban,3,4.4862,0.804,44.099,45.751,1085.961
Urban,3,10.2882,0.845,22.3,20.88,625.323
Rural,2,5.2004,0.936,15.1,11.826,898.343
Rural,1,1.3074,0.391,45.369,37.388,2885.293
Rural,1,5.8464,0.377,27.714,27.148,781.39
Urban,2,7.4898,0.914,19.502,18.164,575.074
Rural,1,0.9052,0.24,30.518,25.539,4072.451
Rural,4,13.5806,0.858,12.177,13.111,456.796
Urban,3,67.6645,18.235,10.589,10.281,184.684
Urban,4,7.4287,0.749,27.711,29.121,760.195
Urban,3,2.88,0.374,30.464,30.52,1377.01
Urban,3,14.9053,0.98,32.936,16.701,756.175
Urban,3,48.2011,17.394,18.781,18.516,262.978
Urban,3,11.776,0.794,32.178,28.276,725.004
Urban,3,19.1227,3.404,20.153,19.217,335.284
Urban,3,16.198,0.929,31.485,22.33,455.105
Urban,3,16.0155,0.896,16.992,14.01,NA
Rural,1,1.2165,0.392,42.441,32.521,2969.72
Rural,1,4.317,0.396,50.577,43.91,1034.346
Rural,1,2.4086,0.713,45.457,38.46,1966.073
Rural,1,6.1696,0.389,28.713,26.324,731.669
Rural,1,5.6827,0.377,28.499,27.448,1558.194
Rural,1,1.6678,0.641,NA,13.216,NA
Urban,3,9.674,1.043,20.569,14.267,463.836
Rural,2,27.5951,7.391,26.866,20.432,541.266
Urban,3,16.6755,1.009,8.718,7.769,298.203
Urban,2,64.0128,17.344,20.067,18.935,256.076
Urban,3,34.2514,1.712,14.677,13.744,213.924
Urban,3,0.594,0.357,34.964,34.408,5800.228
Urban,3,69.3801,18.599,16.105,15.332,216.654
Rural,1,11.7071,0.773,26.057,25.901,438.34
Urban,3,16.2101,1.004,27.714,27.339,410.262
Urban,3,61.1957,15.973,14.724,14.463,213.17
Urban,1,13.5536,1.036,21.77,21.164,484.76
Urban,3,0.8355,0.381,33.117,31.261,4200.118
,0,13.8565,0.952,10.147,9.701,341.304
Urban,1,9.4629,0.97,19.066,19.737,1873.874
Rural,2,26.979,4.272,10.044,10.107,222.482
Urban,3,71.8468,17.159,8.583,8.576,158.557
Urban,3,19.644,5.265,21.364,20.038,311.054
Urban,3,27.0387,5.26,14.03,14.285,253.75
Urban,3,35.9088,8.734,18.384,18.527,252.758
Urban,3,71.3614,17.216,13.349,13.026,207.978
Urban,3,63.6021,17.217,14.901,14.789,199.969
Urban,3,35.6297,8.725,21.623,20.569,291.938
Urban,3,36.4389,18.592,12.463,11.761,203.099
Urban,3,57.7757,18.589,6.854,6.402,201.269
Urban,1,15.1098,0.839,16.874,20.349,440.658
Urban,3,37.2132,9.623,23.575,19.636,270.175
Rural,2,37.1072,9.671,25.373,21.108,261.457
Rural,1,14.1358,0.322,30.919,36.565,950.219
Urban,2,3.5974,0.367,30.661,32.14,1206.437
Urban,3,3.574,0.818,17.912,15.51,1284.585
Urban,3,5.3891,1,NA,10.266,NA
Urban,2,40.5887,16.441,16.542,16.344,228.461
Urban,3,61.8191,17.042,9.711,9.337,149.67
Urban,3,71.9009,18.573,11.087,10.974,185.05
Urban,3,56.7519,17.606,28.613,26.864,345.727
Urban,3,54.0874,14.039,21.846,21.897,313.965
Urban,2,70.1636,18.508,10.383,10.11,156.944
Urban,3,70.8565,16.946,16.228,15.245,223.284
Urban,3,5.7731,0.91,9.159,9.439,714.938
Urban,1,31.8209,6.234,14.387,13.306,235.801
Rural,1,2.0541,0.398,63.334,60.554,2015.846
Rural,2,4.9507,0.424,32.886,32.087,875.101
Urban,3,37.1648,5.944,21.264,14.404,241.587
Urban,3,36.8574,8.653,12.842,11.952,199.555
Urban,3,6.574,1.141,23.115,21.806,953.397
Urban,3,61.7428,18.577,27.714,27.333,357.963
Urban,3,37.2722,9.438,9.37,6.213,269.163
Urban,3,8.8214,0.931,30.642,30.184,577.891
Urban,3,37.2999,8.797,13.447,11.187,229.78
Urban,3,12.7115,0.792,28.254,21.741,447.462
Urban,3,74.5977,17.22,NA,7.593,NA
Urban,3,2.8772,0.27,43.539,33.71,2077.177
Urban,2,4.1997,0.753,35.988,28.941,966.633
Urban,3,36.8891,1.923,NA,11.802,NA
Urban,3,4.2222,0.829,39.218,37.641,1128.036
Urban,3,6.1339,0.536,27.465,27.408,712.663
Urban,3,10.4481,0.81,NA,23.813,NA
Urban,3,15.6476,0.851,20.614,23.616,462.026
Urban,1,36.8035,9.197,11.415,10.192,181.729
,0,58.8322,17.633,21.435,21.133,259.598
Urban,3,70.5853,17.203,14.899,14.652,192.916
Urban,3,53.6806,3.062,13.381,15.058,244.775
Rural,1,36.9569,9.317,18.114,16.475,234.281
Urban,3,68.2057,18.592,11.165,10.837,190.768
Urban,3,32.5076,1.975,12.616,9.653,181.584
Urban,3,53.7207,3.068,12.537,19.945,259.081
Urban,3,32.6274,1.963,11.708,8.412,260.57
Urban,3,46.6955,18.579,14.578,14.13,220.714
Rural,1,6.2673,0.411,NA,15.892,NA
Rural,1,6.8424,0.38,26.367,24.714,705.736
Rural,1,54.6215,15.761,24.055,22.776,355.9
Urban,3,68.6796,18.523,8.795,8.877,190.904
Urban,3,7.9339,0.713,37.816,27.883,701.672
Urban,3,50.4482,13.295,13.978,14.564,241.714
Urban,3,133.3132,20.479,13.807,20.816,200.949
,0,73.1945,20.58,15.313,13.199,206.058
Urban,1,17.0406,1.106,16.035,15.605,327.566
Urban,1,13.1368,1.005,30.481,29.639,596.864
Urban,3,32.188,17.252,20.562,19.475,295.619
Urban,3,49.1221,12.563,22.718,23.015,327.622
Rural,3,34.8623,6.218,32.204,31.049,390.268
Rural,1,37.1325,6.771,36.275,35.143,404.539
Rural,1,4.2035,0.373,41.075,39.991,1726.99
,3,37.3321,8.843,22.298,19.078,249.62
Urban,3,73.6786,17.348,9.897,8.664,151.862
Urban,4,5.8494,0.726,26.013,24.721,802.489
Rural,3,66.0942,18.563,17.086,16.417,254.257
Urban,3,12.2698,0.905,32.351,26.054,NA
Urban,3,6.2978,1.117,32.658,14.523,1083.66
Urban,3,16.114,1.25,21.35,14.821,547.262
Urban,1,15.8814,1.049,14.863,14.16,371.526
Urban,3,17.7008,2.184,9.715,9.544,271.559
Urban,3,69.9002,17.339,12.323,11.365,200.908
Urban,3,34.7068,9.372,13.696,13.606,248.561
Urban,3,54.7745,17.138,13.689,13.924,238.991
Rural,1,5.7455,0.501,33.417,33.477,911.813
Rural,1,6.3678,0.393,18.905,18.802,705.753
Urban,2,57.1898,17.298,11.872,11.985,219.8
Urban,3,27.5845,4.11,30.675,30.585,440.332
Urban,3,72.1772,17.191,11.248,11.722,223.429
Urban,3,70.0787,17.311,9.599,8.669,202.611
Urban,3,70.7129,18.577,6.982,6.775,169.386
Urban,3,58.1731,15.803,14.08,12.911,271.458
Urban,3,37.3389,9.526,7.017,4.794,281.166
Urban,3,6.508,1.078,17.371,18.515,1008.394
Urban,3,104.8453,12.192,13.996,9.978,246.275
Urban,3,120.8885,12.025,11.749,9.108,171.377
Urban,3,125.5147,11.737,15.336,9.805,223.572
Urban,3,146.0937,12.282,14.54,12.987,293.989
Urban,3,114.8412,11.349,14.701,12.501,233.873
Urban,3,150.3676,12.103,14.493,13.764,218.259
Urban,3,119.4231,11.343,16.444,13.518,237.695
Rural,3,1.6313,0.829,28.12,35.355,2153.236
Urban,3,125.8522,12.099,12.975,14.068,247.138
Urban,3,88.3871,6.037,26.373,22.811,315.559
Urban,3,118.3121,11.496,13.827,13.948,249.932
Urban,2,111.2562,11.404,13.195,11.876,214.047
Urban,3,141.2235,12.225,15.452,14.033,272.205
Urban,3,133.7296,11.873,12.888,9.679,167.723
Urban,3,146.7311,12.031,11.638,9.138,201.221
Urban,3,134.7779,12.229,13.276,14.689,263.013
Urban,3,145.2567,11.188,12.067,12.23,243.558
Urban,3,138.6191,11.855,17.037,10.99,212.045
Urban,3,144.7458,12.103,14.11,13.707,232.099
Urban,3,31.1786,2.224,13.84,10.227,257.639
Urban,3,104.6204,6.196,14.126,11.217,207.757
Urban,3,18.5321,1.161,8.935,5.98,619.209
Urban,3,114.835,11.576,17.097,15.209,242.663
Urban,3,104.6821,6.2,12.725,9.794,188.578
Urban,3,15.7269,1.579,35.537,34.944,522.001
Urban,3,23.1865,4.572,8.332,7.804,274.77
Urban,3,51.0802,17.092,10.305,7.895,561.093
Urban,3,71.4629,18.485,19.625,18.526,221.111
Urban,3,133.3997,11.887,19.788,14.824,445.26
Urban,3,38.5694,6.394,15.693,14.183,229.458
Urban,3,13.6386,1.076,8.198,6.326,800.771
Urban,3,37.0668,1.842,23.532,15.583,250.47
Rural,1,1.7472,0.461,56.144,57.707,2451.674
Urban,3,47.9703,11.555,20.411,10.161,220.085
Urban,3,15.4766,0.919,17.734,18.042,345.828
Urban,3,5.4582,0.851,34.491,29.076,1125.962
Urban,3,53.8044,3.049,12.575,10.109,195.474
Urban,3,34.2822,7.033,26.419,26.302,395.438
Urban,1,32.9258,1.959,16.107,14.657,251.586
Urban,3,53.4628,3.153,14.637,13.677,279.703
Urban,2,16.7873,0.909,18.212,17.389,349.393
Urban,3,111.5186,11.686,17.629,10.586,233.224
Urban,3,61.3864,16.97,11.902,11.069,157.253
Rural,2,1.0598,0.382,49.204,38.961,3075.636
Urban,3,33.1248,1.848,24.346,15.632,235.002
Urban,3,1.1954,0.629,34.475,38.355,3082.58
Urban,3,12.6334,1.171,NA,17.212,NA
Urban,3,117.6758,12.027,12.339,9.623,267.229
Urban,3,9.0792,1.031,16.396,14.171,807.095
Urban,3,133.8451,11.801,21.066,21.941,357.539
Urban,3,73.3177,18.591,18.748,17.749,223.992
Urban,4,13.3196,0.57,28.222,27.657,823.077
Urban,3,147.9444,11.968,15.293,12.955,214.619
Urban,3,1.7576,0.637,22.594,21.712,2027.188
Urban,3,50.9567,9.705,14.944,14.013,214.14
Urban,3,4.8474,0.944,33.199,29.334,1143.222
Urban,3,168.6976,20.658,11.291,11.101,165.164
Urban,3,53.98,18.371,9.693,9.8,233.442
Urban,3,53.8126,9.761,20.666,18.073,2124.376
Urban,3,53.6184,3.028,14.592,13.047,237.085
Rural,1,6.4686,0.37,33.822,32.907,721.174
Urban,3,55.233,12.882,20.809,20.281,315.197
Urban,3,50.0191,13.735,8.66,7.249,145.83
Urban,3,37.2575,9.694,15.736,11.72,229.443
Urban,3,100.8471,11.473,11.007,7.899,204.316
Urban,3,116.6168,11.681,18.561,18.049,317.828
Urban,3,148.2836,12.139,14.027,17.642,304.769
Urban,3,35.1826,6.926,22.503,18.663,263.775
Rural,1,3.2336,0.726,35.189,35.647,1474.875
Urban,3,117.8908,11.635,11.073,12.662,226.301
Urban,3,121.8481,12.157,10.937,8.404,184.443
Rural,3,63.7546,18.535,14.446,13.674,211.613
Urban,3,62.2564,17.405,13.458,13.069,185.094
Urban,3,56.4341,15.358,20.182,18.415,218.262
Urban,3,5.7764,0.33,31.531,30.079,935.625
Urban,1,36.3713,8.405,11.484,10.313,185.627
Rural,1,5.4099,0.372,49.898,50.132,925.801
Urban,3,150.6448,12.259,18.075,19.836,341.439
Urban,3,36.1083,6.284,17.51,17.916,270.98
Urban,3,8.6733,1.099,16.284,14.329,879.422
Urban,2,18.3421,0.923,18.994,18.057,404.936
Urban,3,72.513,17.753,22.847,21.707,268.63
Urban,2,8.3007,0.971,14.886,14.193,491.46
Urban,3,51.7456,3.168,19.364,18.435,279.357
Urban,3,35.7522,1.843,12.028,15.378,236.788
Urban,3,43.632,9.559,22.277,21.973,286.748
Urban,3,61.066,16.308,9.521,8.536,212.354
Urban,3,22.4478,4.195,25.769,21.506,323.747
Urban,3,60.7311,18.56,13.045,12.267,180.283
Urban,3,39.3358,12.375,17.466,17.823,263.23
Rural,1,2.7141,0.634,33.223,33.046,1458.134
Urban,3,49.1701,2.987,30.479,24.139,356.08
Urban,3,37.0486,8.919,18.119,14.867,240.554
Urban,3,19.5826,1.143,18.429,10.873,265.787
Urban,3,37.3248,9.692,14.61,11.036,229.993
Urban,3,32.5483,7.556,13.124,9.007,NA
Urban,3,54.1316,3.055,10.894,7.944,170.62
Rural,3,4.3224,0.858,22.927,15.553,982.592
Urban,3,28.8522,7.115,27.853,18.452,334.977
Urban,2,66.0733,18.585,32.138,31.751,351.812
Urban,3,30.3235,1.976,22.418,18.023,309.084
Rural,1,2.4598,0.532,14.042,13.587,1469.122
Urban,3,15.6088,0.962,10.251,6.728,584.854
Urban,3,36.7282,7.181,8.887,7.658,168.859
Urban,3,34.0051,7.664,21.47,21.733,281.218
Urban,3,57.4093,18.558,9.941,9.499,166.267
Urban,3,7.4606,0.621,24.052,17.109,837.688
Rural,1,2.78,0.366,41.661,40.052,1399.436
Urban,2,12.3666,0.792,20.909,22.576,441.992
Urban,3,95.1536,12.738,13.27,12.491,177.163
Urban,3,74.2567,21.349,11.737,10.177,173.496
Urban,1,32.834,1.966,17.329,13.178,254.392
Urban,3,35.2579,9.288,17.923,12.076,451.959
Urban,3,34.0186,18.282,21.613,21.615,311.962
Urban,3,55.9319,18.479,12.22,12.094,166.302
Urban,3,54.0814,2.582,15.035,12.649,257.792
Urban,3,72.9172,16.955,14.18,13.461,177.316
Urban,3,66.4246,16.943,26.194,25.686,300.3
Urban,3,47.6064,5.995,15.035,14.956,208.854
Urban,3,54.1513,3.063,14.453,17.123,221.548
Urban,3,143.9353,12.79,19.092,21.357,319.651
Urban,3,144.1833,12.655,18.491,14.304,237.016
Urban,3,108.052,11.412,11.416,8.397,153.533
Urban,3,153.3066,11.992,9.539,7.202,180.952
Urban,3,101.8379,10.018,12.161,9.152,168.646
Urban,3,118.8376,10.166,33.455,15.199,338.678
Urban,3,140.0847,11.491,13.54,11.723,195.502
Urban,3,118.3273,11.171,20.304,13.814,213.72
Urban,3,55.2878,18.416,25.388,24.941,298.404
Rural,1,1.6685,0.378,31.494,28.807,2388.308
Urban,3,69.6338,18.469,9.449,8.97,174.079
Urban,3,26.8496,6.275,27.51,27.189,345.697
Urban,3,53.2674,17.683,19.422,19.557,308.575
Urban,3,35.4278,8.043,15.757,14.349,207.856
Urban,3,37.2449,9.694,15.107,7.936,247.79
Urban,3,72.1058,20.698,11.854,11.131,151.952
Urban,3,130.618,12.707,12.028,8.932,185.652
Urban,3,77.2533,11.388,11.63,10.605,159.714
Urban,3,43.8573,11.934,19.739,18.118,220.788
Urban,3,105.3552,12.753,18.055,19.746,312.597
Urban,3,34.3503,6.355,8.025,8.113,195.329
Urban,1,62.9261,16.318,12.815,12.784,182.099
Urban,3,74.9473,20.804,8.771,8.094,175.508
Rural,3,49.9059,11.071,16.84,15.806,214.718
Urban,2,14.5284,1.205,22.607,15.235,745.368
Urban,3,70.8312,18.548,12.199,12.366,190.661
Rural,1,5.68,0.675,30.001,29.484,404.454
Rural,1,1.846,0.575,31.43,30.755,1958.93
Rural,1,6.1101,0.673,47.089,47.363,869.467
Urban,2,32.3569,6.342,17.449,17.503,245.79
Urban,3,51.3841,2.402,11.216,9.001,186.041
Urban,3,53.3507,2.982,15.607,9.323,175.852
Urban,3,12.5313,1.1,10.035,6.857,774.014
Urban,2,53.9449,16.265,10.218,10.396,161.25
Urban,3,152.4552,12.532,14.299,10.689,197.806
Urban,2,66.7789,13.775,16.609,16.96,225.011
Urban,0,72.6258,18.572,11.651,11.63,151.131
Urban,3,61.7659,18.561,13.274,12.376,169.006
Urban,3,55.1467,17.125,16.614,16.263,206.622
Urban,3,13.3117,1.496,14.843,14.494,731.805
,0,37.3095,14.13,17.576,16.559,244.683
Urban,3,74.6407,18.637,11.897,9.699,149.955
Urban,3,51.6683,17.11,14.78,14.175,193.935
Urban,3,72.0372,18.61,13.435,13.657,170.652
Urban,3,70.7254,18.498,18.983,19.151,246.17
Urban,3,61.3435,2.912,15.367,8.419,153.581
Urban,3,32.1624,9.265,NA,9.593,NA
Urban,3,100.5945,11.171,13.873,11.661,162.678
Urban,3,158.6855,12.758,13.252,9.249,188.297
Urban,3,117.3654,11.38,18.803,12.674,182.598
Urban,3,143.8597,12.705,12.86,11.261,245.602
Urban,3,108.1357,12.185,15.416,16.551,253.215
Urban,3,94.2203,11.878,16.335,16.936,272.941
Urban,3,116.7026,11.552,18.138,14.321,222.71
Urban,3,37.3253,7.124,16.605,12.572,224.571
Urban,3,37.1042,9.02,11.727,10.363,169.52
Urban,3,142.4788,11.905,14.654,9.263,188.904
Urban,3,101.0174,12.62,15.433,11.58,221.187
Urban,3,159.1547,12.77,17.776,15.189,262.89
Urban,2,138.5348,12.737,14.558,10.232,208.09
Urban,3,152.4453,12.696,14.241,13.034,230.75
Urban,3,14.0615,1.114,10.149,7.011,757.976
Urban,1,12.4451,0.794,22.496,27.255,693.714
Urban,3,53.8749,3.049,12.127,9.196,155.286
Urban,3,34.4567,6.25,17.406,16.96,245.048
Urban,3,54.1527,3.047,12.599,9.211,175.145
Urban,3,37.01,6.255,14.924,13.448,205.611
Urban,3,28.6242,1.981,12.717,13.488,274.48
Urban,3,36.9752,9.719,13.751,13.225,224.035
Urban,3,53.2818,3.052,12.221,8.67,159.67
Urban,3,51.7511,3.015,20.661,19.075,316.694
Urban,3,30.2605,1.973,12.304,10.966,213.01
Urban,2,30.5375,1.977,15.105,11.964,236.52
Urban,3,53.73,3.052,12.074,8.592,192.711
Urban,3,35.05,1.921,NA,24.032,NA
Urban,3,70.025,16.285,16.036,15.751,228.735
Urban,3,22.1909,6.753,23.217,14.373,285.432
Urban,2,57.7843,17.65,24.386,23.569,277.301
Urban,3,53.5571,2.997,14.222,14.768,215.602
Urban,3,73.461,16.939,20.497,20.187,251.018
Rural,3,1.4377,0.496,37.709,76.468,2699.174
,0,51.6393,2.722,20.313,30.816,302.081
Urban,3,6.7442,0.694,49.396,39.448,728.818
Urban,3,70.9675,17.19,16.961,16.964,245.158
Urban,2,71.7256,17.764,NA,14.525,NA
Urban,3,7.3261,0.54,44.494,31.805,882.831
Rural,1,1.8877,0.376,54.224,49.376,2042.41
Urban,2,37.2387,9.498,16.478,14.088,238.726
Urban,3,73.4737,18.587,14.103,13.547,210.812
Urban,3,32.6553,1.834,23.438,16.425,234.891
Urban,3,42.6395,9.323,12.995,11.367,185.218
Urban,3,2.407,0.375,33.293,32.823,1551.338
Urban,3,15.488,0.931,21.223,15.057,527.898
Urban,3,63.711,17.277,23.866,22.251,282.571
Urban,3,45.6124,13.63,25.367,23.12,316.361
Urban,3,19.8545,3.496,17.19,15.32,283.725
Urban,3,69.6039,18.51,11.371,10.886,156.201
Urban,3,24.0395,6.345,17.136,16.29,246.843
Urban,3,13.6412,1.104,15.918,11.829,795.062
Urban,3,66.738,18.558,8.314,8.015,240.001
Urban,3,56.7227,17.138,23.551,22.828,259.88
Urban,3,29.3197,7.201,NA,20.614,NA
Urban,3,63.179,18.536,21.752,21.348,260.115
Urban,3,70.6146,17.026,8.329,8.158,206.036
Urban,3,153.3364,10.228,12.861,9.989,163.736
Urban,3,68.3751,17.302,18.376,18.064,237.106
Urban,3,57.2303,17.263,14.904,14.649,218.232
Urban,3,46.5314,14.548,12.772,12.72,199.113
Rural,2,37.2623,9.692,25.388,21.142,270.598
Urban,3,19.4775,1.036,21.299,20.619,398.534
Urban,3,58.9096,18.593,26.77,25.679,306.948
Urban,3,48.3252,9.768,28.979,27.492,343.483
Urban,3,70.5496,18.587,13.486,13.217,195.36
Urban,2,70.9672,18.554,12.221,11.937,205.882
Urban,3,34.3027,1.719,16.269,17.421,279.59
Urban,2,64.5767,17.282,25.144,24.063,294.138
Urban,3,36.8831,8.786,21.746,21.014,259.51
Urban,3,66.6295,17.367,19.889,19.243,263.641
Urban,3,50.9771,18.639,20.1,19.541,260.841
Urban,3,11.4704,1.025,26.285,26.162,475.241
Urban,3,65.2188,18.566,6.661,6.341,220.03
Urban,3,74.1168,18.585,7.554,6.171,178.252
Urban,3,37.0339,9.313,17.869,16.649,252.838
Urban,3,15.0919,18.578,15.808,15.668,354.338
Rural,3,1.963,0.506,39.622,37.297,2023.623
Urban,3,47.6912,11.871,19.523,18.264,254.601
Urban,3,70.1645,18.579,19.422,18.439,290.753
Urban,3,60.6797,3.003,11.397,10.39,181.843
Urban,3,62.7207,18.661,16.61,16.509,211.201
Urban,2,9.6211,1.036,17.563,14.222,913.612
Urban,3,20.8982,3.726,34.539,31.505,NA
Urban,2,138.1698,12.749,14.394,14.452,249.295
Rural,1,63.1987,18.55,24.686,24.354,289.716
Urban,3,118.3376,12.664,28.709,14.551,208.248
Urban,3,74.0769,17.515,14.91,13.241,192.684
Urban,3,68.6428,18.585,15.149,13.672,208.752
Urban,3,35.2924,7.067,9.316,8.302,169.638
Urban,2,52.3528,18.304,9.828,9.797,163.855
,0,6.9589,0.376,25.868,25.075,1371.763
Urban,3,71.3671,19.07,8.593,9.217,145.182
Urban,3,68.984,18.514,11.632,11.292,169.387
Urban,3,36.1135,9.446,16.582,16.698,218.031
Urban,2,65.189,18.628,17.742,16.945,235.229
Urban,2,58.9307,18.597,21.673,21.449,242.007
Urban,3,57.692,12.224,23.214,22.848,278.966
Urban,3,64.0484,16.995,13.545,12.402,248.872
Urban,3,61.6507,17.162,9.023,8.96,197.092
Urban,3,69.9573,18.496,8.284,7.071,156.644
Urban,3,53.0322,17.38,9.795,10.479,166.085
Urban,3,38.199,15.588,18.095,18.085,233.194
Urban,3,66.8177,17.174,8.759,8.815,148.062
Urban,3,60.1765,16.227,11.747,11.985,181.325
Urban,3,54.1436,18.483,8.047,8.02,152.67
Urban,3,40.2069,11.644,20.272,20.017,286.862
Urban,3,63.8526,18.537,12.578,12.541,190.207
Urban,2,57.6443,17.741,14.643,12.547,184.839
Urban,3,47.564,13.383,20.268,19.826,277.864
Urban,3,50.4473,12.179,8.321,7.991,140.575
Urban,3,53.8879,18.574,19.693,19.555,232.106
Urban,3,65.7398,17.141,24.136,22.899,256.501
Urban,3,54.0283,18.291,30.421,29.289,325.732
Rural,2,32.8196,7.909,34.067,34.08,422.353
Urban,3,24.0049,0.58,30.369,20.582,556.533
Urban,3,71.1674,16.939,13.8,13.22,181.665
Urban,3,1.2634,0.512,50.457,43.667,3381.87
Urban,3,72.897,18.911,15.995,15.885,215.389
Rural,3,1.9378,0.506,40.788,43.844,2134.942
Urban,3,44.2102,10.087,20.508,20.329,257.925
Urban,3,58.195,18.538,16.216,16.026,231.925
Urban,3,69.0915,18.539,7.902,7.341,192.193
Urban,3,64.4021,16.643,14.149,13.31,226.301
Urban,3,62.8421,18.557,14.897,14.001,189.438
Urban,3,70.5304,18.343,6.932,6.971,185.655
Urban,3,37.0351,7.539,40.03,31.507,458.597
Urban,3,43.316,17.402,10.968,10.552,205.074
Urban,3,52.9218,15.438,13.932,14.302,228.074
Urban,3,59.9585,18.593,9.853,9.461,189.68
Urban,3,70.4796,17.331,21.221,20.902,274.398
Urban,3,33.5007,9.963,17.549,16.528,273.757
Urban,2,64.8697,18.535,16.733,17.007,257.868
Urban,2,61.7976,17.366,20.657,20.367,252.844
Urban,2,58.6008,16.481,13.059,12.831,195.494
Urban,0,47.7231,7.611,11.435,11.214,195.324
Urban,4,10.7415,0.733,28.092,26.553,562.872
Urban,3,15.7149,0.986,25.31,25.206,402.747
Urban,3,57.9803,17.601,20.673,19.713,238.453
Urban,3,72.1518,18.583,7.258,7.378,157.159
Urban,3,61.0492,18.598,19.276,18.676,260.842
Rural,2,51.4796,17.239,20.64,20.505,273.074
Urban,3,66.9044,17.071,9.156,9.508,190.713
Urban,3,45.8391,15.846,19.007,19.07,251.599
Urban,3,40.213,9.546,17.251,16.939,256.392
Urban,3,67.5516,17.271,15.839,15.419,207.518
Urban,3,43.6109,17.207,24.838,24.779,338.738
Urban,3,64.2044,13.157,15.692,15.58,216.404
Urban,3,48.4465,16.773,13.956,14.032,231.718
Urban,3,69.689,18.574,13.655,13.537,194.887
Urban,0,70.6854,18.6,18.458,18.128,235.2
Urban,3,33.1467,8.421,15.987,15.751,259.331
Urban,3,52.898,15.805,14.165,14.039,231.376
Urban,3,70.5531,18.586,14.486,13.821,205.071
Rural,3,52.8332,17.382,19.329,17.991,252.447
Urban,3,50.1657,14.097,18.745,17.824,269.479
Rural,2,69.7128,18.506,15.125,14.633,203.363
Urban,3,44.1612,11.337,23.116,22.852,303.873
Urban,3,39.1603,15.658,12.205,11.768,195.539
Urban,3,56.4545,17.31,17.668,16.662,246.741
Urban,2,52.8489,18.495,13.59,13.671,225.541
Urban,3,62.0656,18.283,11.03,10.943,172.993
Urban,3,3.1623,0.687,44.562,39.429,1679.074
Urban,3,44.6579,6.587,25.684,25.544,361.048
Urban,3,60.3753,17.03,11.114,10.971,186.247
Urban,3,49.8315,14.644,25.333,25.167,309.583
Urban,3,33.1078,8.779,19.993,13.324,383.323
Urban,3,22.7709,3.066,14.433,17.578,393.485
Urban,3,25.0466,1.974,11.424,8.928,306.985
Urban,3,133.1062,10.851,15.161,10.243,192.416
Rural,2,36.6252,8.699,21.189,13.226,208.561
Urban,3,32.4143,4.726,25.662,25.107,337.174
Urban,3,37.2377,1.712,14.966,18.2,238.586
Urban,3,36.8217,1.861,24.293,23.896,309.203
Rural,1,0.4513,0.266,27.397,24.295,7585.543
Urban,3,11.1024,1.082,16.361,11.46,751.112
Urban,3,60.6176,16.706,16.607,16.523,215.054
Urban,3,53.2364,17.183,9.743,9.533,161.964
Urban,2,57.357,18.546,18.73,18.425,245.149
Urban,3,47.5151,11.512,8.026,7.977,166.371
Urban,1,11.2923,0.734,NA,31.354,NA
Urban,3,70.9209,18.593,6.729,6.835,209.025
Urban,3,153.3591,12.729,14.093,10.724,202.998
Urban,3,15.0387,0.965,23.944,23.563,373.314
Rural,1,1.7222,0.395,48.276,44.106,2320.894
Urban,3,37.1463,1.85,18.627,10.685,194.092
Urban,3,70.5628,18.576,19.609,18.43,226.077
Urban,3,5.6888,0.843,31.122,21.663,723.738
Urban,3,73.9054,16.943,13.765,12.862,174.805
Rural,2,13.8677,2.087,30.994,30.727,449.377
Urban,3,32.36,9.648,NA,12.337,NA
Urban,3,73.1552,18.579,11.223,9.759,179.539
Urban,3,2.8476,0.386,28.93,27.681,1529.287
Urban,1,16.3971,0.559,27.353,25.856,510.166
Urban,3,40.0249,10.171,11.001,11.093,205.323
Urban,3,4.1739,0.704,33.123,37.356,1119.791
Urban,3,16.6999,0.852,19.855,22.65,556.833
Urban,3,26.3235,12.162,20.255,19.957,254.563
Urban,3,197.8486,21.337,6.203,3.432,422.577
Urban,3,54.1144,3.048,11.945,12.549,211.225
Urban,3,13.1431,0.87,39.005,30.853,718.688
Urban,3,37.0761,9.774,12.304,9.526,247.318
Urban,3,14.8732,1.018,13.949,12.78,324.108
Urban,3,73.4564,17.287,17.835,18.255,226.289
Urban,3,37.3012,10.03,14.53,13.572,213.279
Urban,3,9.1254,0.662,42.038,40.68,889.579
Urban,3,45.2653,16.308,17.66,17.905,225.501
Urban,3,101.4612,5.884,23.445,18.542,251.284
Urban,3,99.4893,6.427,14.452,20.979,286.274
Urban,3,46.6982,10.522,35.967,34.409,374.709
Urban,3,49.3745,6.054,15.044,17.228,300.577
Urban,3,31.9114,9.806,15.989,14.529,NA
Urban,3,94.2946,11.586,17.436,13.98,201.822
Urban,3,136.2671,12.791,16.749,18.936,282.039
Urban,2,4.7592,1.233,NA,17.811,NA
Urban,2,103.4321,6.097,15.166,14.138,204.31
Urban,3,64.5182,19.519,19.843,15.463,219.004
Urban,3,51.1966,2.768,17.236,13.697,251.794
Urban,3,70.3324,19.381,8.385,8.864,212.557
Urban,3,108.7175,11.695,13.582,15.751,237.417
Urban,3,68.288,16.422,26.575,25.266,302.27
Urban,3,89.664,6.055,16.702,18.147,251.321
Urban,3,143.5066,12,13.294,12.733,196.761
Urban,3,96.0577,6.052,13.702,8.931,216.394
Urban,3,61.2035,2.891,18.904,17.953,241.094
Urban,3,51.5292,17.269,23.728,22.47,315.117
Urban,3,64.7856,14.046,17.146,17.458,238.784
Urban,2,19.3273,0.887,29.534,19.968,471.112
Urban,3,53.9107,3.135,13.574,14.738,240.885
Urban,3,32.0604,9.267,21.376,14.92,159.381
Urban,3,7.1198,0.587,NA,30.083,NA
Urban,2,18.6855,4.175,31.608,21.261,768.972
Urban,3,56.0824,19.148,24.23,22.993,274.433
Urban,1,6.6641,0.701,21.919,21.701,639.252
Urban,3,35.2818,5.916,29.759,28.896,325.013
Urban,3,64.8555,17.154,14.612,12.96,188.755
Urban,4,16.2949,0.741,27.718,27.002,497.031
Urban,3,150.1768,11.983,14.997,9.68,253.312
Urban,3,73.9524,17.847,18.539,11.154,328.583
Rural,3,20.5616,5.937,35.184,28.088,610.875
Urban,3,72.8572,17.72,NA,9.513,NA
Urban,3,73.3532,18.565,9.017,7.935,155.507
Urban,3,37.3229,10.022,19.322,12.38,239.429
Urban,3,37.2649,9.15,16.63,13.78,214.14
Rural,1,31.7333,8.904,NA,17.024,NA
Urban,3,33.387,8.743,23.308,14.534,501.469
Urban,3,32.6991,7.852,17.474,10.48,NA
Urban,2,32.5491,9.262,NA,9.494,NA
Urban,0,31.8951,7.654,29.188,21.35,410.433
Rural,1,3.9017,0.396,34.493,32.285,1137.618
Urban,3,32.9178,9.273,21.151,14.644,385.129
Urban,3,33.2313,9.383,16.658,12.4,NA
Urban,3,63.8665,17.725,19.79,13.37,342.107
Urban,3,50.1548,14.208,NA,21.281,NA
Urban,3,72.3124,16.716,22.171,15.462,479.257
Urban,0,27.5798,9.302,11.406,7.147,NA
Urban,3,32.0676,8.77,22.639,14.711,564.408
Urban,3,64.0628,17.545,16.002,9.544,480.147
Urban,3,70.3103,17.737,21.309,14.228,516.451
Rural,3,22.779,6.925,47.118,38.943,533.712
Urban,3,32.2814,9.288,21.201,14.585,506.024
Rural,2,32.6115,9.277,NA,10.317,NA
Urban,3,33.5852,9.293,17.102,10.959,343.631
Rural,3,28.9432,5.982,19.812,12.379,494.059
Urban,2,32.157,9.283,21.958,14.288,507.502
Urban,3,33.3097,9.359,20.265,11.014,377.291
Urban,3,32.6525,8.77,21.206,14.189,552.494
Urban,2,25.1279,9.302,29.536,21.731,582.61
Urban,3,32.1536,9.299,NA,10.099,NA
Urban,3,29.301,9.333,23.908,18.792,NA
Urban,3,34.0154,9.274,NA,10.06,NA
Urban,3,37.3202,9.678,12.311,8.257,234.084
Urban,3,32.6352,9.275,18.039,11.465,373.775
Urban,3,32.6926,6.76,18.897,11.572,503.226
Urban,2,6.8016,0.848,35.703,26.276,761.812
Urban,3,33.4897,8.792,NA,16.581,NA
Urban,2,72.1198,17.772,NA,16.038,NA
Urban,2,8.3995,0.666,NA,20.948,NA
Urban,3,61.7912,13.954,NA,8.791,NA
Urban,3,33.9714,9.287,20.359,11.887,350.371
Urban,3,31.9168,9.294,NA,7.98,NA
Urban,3,68.2983,18.646,21.52,11.54,197.527
Urban,3,33.1896,9.267,17.254,8.897,368.571
Urban,3,43.3546,16.623,NA,19.63,NA
Urban,3,35.5265,5.251,27.216,20.243,473.305
Urban,3,32.334,8.703,11.408,10.495,NA
Urban,3,33.0204,9.274,20.968,12.328,451.568
Urban,3,32.8017,9.282,17.176,8.963,478.252
Urban,3,32.6192,8.707,10.069,7.977,NA
Urban,3,33.2505,6.575,NA,18.357,NA
Urban,3,24.5741,6.562,25.462,24.335,299.315
Urban,3,32.763,9.253,24.28,17.71,400.252
Urban,3,33.2324,9.281,18.863,11.481,375.945
Urban,3,65.7211,16.166,18.72,12.188,773.625
Urban,3,58.7444,17.803,30.178,22.451,548.267
Urban,3,32.7612,9.337,NA,10.721,NA
Urban,3,28.9201,7.725,19.637,13.508,380.664
Urban,3,71.3328,17.602,NA,10.71,NA
Urban,3,36.6931,9.668,11.446,8.057,266.506
Urban,3,19.8679,2.717,27.54,20.594,577.578
Urban,3,24.2104,8.438,29.748,21.114,549.863
Urban,3,70.9741,17.627,32.357,25.248,434.651
Urban,3,33.1231,8.045,18.206,12.037,490.399
Urban,3,32.5037,9.271,20.408,12.432,367.842
Urban,3,18.5682,5.559,NA,25.947,NA
Urban,3,55.7062,8.791,8.678,7.483,145.102
Urban,3,12.4974,1.311,NA,33.859,NA
Urban,3,29.3586,10.431,23.164,NA,435.977
Urban,3,19.9955,2.672,27.726,27.77,382.5
Urban,3,31.8197,9.313,NA,7.539,NA
Urban,3,31.763,6.965,30.207,22.045,418.276
Urban,3,34.1484,8.618,NA,11.29,NA
Urban,3,33.0601,8.797,19.402,17.113,NA
Urban,3,32.0398,9.283,16.099,14.711,NA
Rural,1,5.6548,0.381,46.244,46.047,960.564
Urban,3,18.6753,8.317,29.657,22.874,562.704
Urban,3,30.9087,7.403,31.227,24.293,409.688
Urban,3,15.3573,4.56,30.925,22.808,497.253
Urban,3,85.9357,11.873,12.724,14.11,212.462
Rural,3,13.2069,0.859,30.042,22.894,514.824
Urban,3,60.3887,18.524,23.533,22.998,304.671
Urban,3,68.7113,18.588,15.198,14.786,219.531
Urban,3,45.92,12.635,28.266,28.188,348.794
Rural,1,0.4095,0.358,34.417,31.293,8525.32
Urban,3,66.9024,18.597,11.853,10.807,159.727
Urban,3,29.827,5.774,21.498,21.062,278.98
Urban,3,73.7613,17.166,13.14,11.921,174.385
Urban,2,1.5993,0.54,44.063,33.265,2290.616
Urban,3,37.2227,9.249,12.576,12.284,226.932
Urban,3,37.3578,9.323,10.899,7.592,226.909
Urban,3,67.6791,18.488,22.185,19.409,247.688
Urban,3,56.8481,18.313,17.657,17.399,259.188
Urban,3,43.0647,10.022,22.102,21.56,255.336
Rural,2,44.7252,17.667,15.428,15.132,204.191
,2,58.8717,19.322,7.638,7.952,192.014
Urban,3,53.5159,17.006,22.661,22.257,285.639
Urban,3,69.4717,18.569,21.597,21.769,252.308
Rural,4,57.8642,8.759,12.136,11.294,191.805
Urban,3,60.0337,17.312,15.859,15.007,185.716
,0,55.7131,15.949,28.049,27.376,305.759
Urban,3,73.043,11.861,20.569,19.488,245.796
Urban,3,50.2929,14.132,13.619,12.078,202.016
Urban,3,188.5299,21.325,7.063,4.036,195.724
Urban,3,72.7691,18.474,17.032,15.821,211.568
Urban,3,88.821,10.405,NA,14.83,NA
Rural,3,54.948,8.561,17.145,16.625,207.414
Urban,3,60.5905,17.055,22.508,21.643,254.812
Urban,3,74.2117,17.141,12.748,11.813,159.258
Urban,3,33.3515,6.309,19.505,18.798,254.655
Urban,3,73.4971,17.691,14.711,13.804,190.203
Urban,3,30.0405,7.682,22.702,15.33,296.919
Urban,3,72.9802,18.572,8.411,7.722,172.551
Urban,3,65.2939,18.584,17.786,17.507,233.041
Urban,3,73.8456,16.638,15.836,14.653,182.214
Urban,2,36.5632,9.05,19.086,18.251,231.746
Urban,2,37.2871,9.317,9.927,9.142,307.26
Urban,3,37.3078,9.38,12.726,5.659,332.932
Urban,3,37.1825,10.047,20.284,16.292,214.803
Urban,3,38.968,16.046,NA,16.392,NA
Urban,3,65.3213,18.581,29.192,17.953,223.619
Urban,3,38.7149,6.808,28.119,19.277,263.336
Urban,3,32.7019,9.3,22.704,14.539,498.217
Urban,3,32.363,9.286,19.674,12.724,468.431
Urban,3,33.1619,8.701,22.966,15.494,494.344
Urban,3,101.348,4.849,11.384,8.358,154.309
Urban,3,25.6551,7.181,27.051,20.113,525.279
Urban,3,73.0578,17.804,17.167,11.76,360.609
Rural,3,15.5737,1.035,22.866,14.979,2225.082
Urban,3,33.1001,9.282,17.573,10.793,358.437
Urban,3,34.1461,9.275,NA,12.267,NA
Urban,3,71.4242,17.668,NA,13.033,NA
Urban,3,32.1929,9.289,NA,7.518,NA
Urban,2,31.2345,7.808,17.231,11.25,374.005
Urban,3,32.457,9.302,NA,10.453,NA
Urban,3,32.382,8.777,22.479,15.472,523.496
Urban,3,25.4072,9.588,22.576,12.665,518.417
Urban,3,19.9592,5.866,NA,25.599,NA
Urban,3,17.3948,7.796,NA,27.4,NA
Urban,3,71.6168,18.566,16.856,15.838,213.826
Urban,3,33.1023,8.767,21.607,13.321,498.447
Urban,3,33.2928,8.757,19.369,10.494,345.405
Urban,3,33.988,8.803,20.131,16.911,NA
Urban,3,32.8521,9.291,NA,12.924,NA
Urban,3,33.32,8.759,17.98,13.577,252.925
Rural,3,32.5416,8.55,19.51,12.291,490.104
Urban,3,33.074,9.291,16.077,8.71,474.355
Urban,3,33.0623,9.282,NA,12.357,NA
Urban,3,72.0429,18.581,12.832,12.364,199.479
Urban,3,70.6308,18.492,7.124,7.256,178.958
Urban,3,32.4661,9.625,NA,12.421,NA
Urban,2,13.1904,0.983,18.647,9.206,757.558
Urban,3,89.1917,11.92,13.783,10.323,195.972
Urban,3,122.1057,11.544,13.527,11.871,169.257
Urban,3,145.9725,11.262,19.684,15.213,250.621
Urban,4,116.4352,19.149,12.362,7.989,251.096
Urban,3,152.7271,12.028,12.161,NA,206.327
Urban,3,53.8236,3.059,15.765,16.933,262.543
Urban,3,36.8318,11.594,17.809,16.173,218.617
Urban,3,53.7469,15.556,18.64,17.028,230.266
Urban,3,21.2047,1.847,32.746,23.095,406.031
Rural,3,49.8848,16.354,10.486,9.992,179.929
Urban,3,34.7917,1.697,16.702,20.35,353.298
Urban,2,52.9946,3.164,14.667,21.507,347.468
Urban,3,123.5618,11.411,16.475,17.073,220.256
Urban,3,30.7748,1.974,17.884,14.525,250.451
Urban,3,69.1044,12.264,16.901,17.605,249.419
Urban,3,52.1429,3.071,17.534,18.298,264.489
Urban,3,30.9366,2.046,17.001,20.621,328.994
Rural,1,25.2773,0.736,25.036,16.225,445.166
Urban,3,35.9755,6.763,19.951,19.501,304.547
Urban,4,56.0013,8.963,12.102,7.792,308.054
Urban,3,28.5625,1.983,15.471,17.408,257.762
Urban,3,124.5625,11.184,11.359,8.131,143.881
Urban,2,32.9819,1.957,27.154,17.047,262.242
Urban,3,31.8797,1.697,NA,22.604,NA
Rural,1,26.485,10.028,37.559,39.522,437.123
,0,3.5958,0.736,NA,24.794,NA
Urban,3,35.0027,9.291,NA,9.077,NA
Urban,3,32.6606,8.513,19.125,9.483,484.262
Urban,2,33.4399,9.246,22.731,13.59,326.893
Urban,2,3.2883,0.419,32.989,31.519,1222.532
Urban,3,39.3034,9.603,22.689,21.554,283.825
Urban,3,53.8724,3.156,16.831,15.269,275.683
Urban,3,10.1007,1.07,28.557,25.403,901.45
Urban,3,59.6443,16.484,13.553,12.487,166.354
Urban,3,74.0062,18.587,6.732,5.308,298.793
Rural,3,3.7859,0.422,39.053,38.369,1121.96
Urban,2,6.6174,0.386,39.682,56.525,811.744
Urban,2,11.2515,0.842,15.479,16.059,452.846
Urban,3,67.3274,17.078,13.277,12.576,212.21
Urban,2,12.9947,1.014,13.601,12.107,767.973
Urban,3,37.2149,17.585,17.399,16.943,221.162
Urban,3,6.4153,0.718,29.086,18.064,642.109
Urban,1,12.4922,0.827,21.765,26.764,450.795
Urban,3,3.7099,0.96,23.987,18.64,NA
Rural,3,131.3321,11.269,11.578,12.765,190.666
Urban,3,100.1072,11.276,11.744,11.949,200.846
Urban,3,36.621,9.783,24.864,23.504,280.473
Urban,4,58.5541,9.284,9.986,7.81,214.062
Urban,2,18.7307,2.748,25.881,20.325,563.601
Urban,3,30.8121,9.271,20.545,13.342,382.661
Urban,3,33.3056,9.626,17.742,11.698,376.785
Urban,3,46.8323,2.911,22.049,15.983,403.972
Urban,3,73.8833,18.575,19.088,10.421,201.396
Urban,4,110.819,18.194,11.126,8.109,300.543
Urban,4,111.8464,19.123,11.684,7.788,306.84
Urban,4,112.1587,19.573,11.601,7.856,311.901
Urban,4,77.2706,18.312,12.04,8.136,299.119
Urban,4,105.0679,19.093,13.98,7.505,395.543
Rural,1,6.21,0.369,37.026,34.728,1281.823
Urban,3,37.2814,9.398,23.577,18.667,252.116
Urban,3,64.881,17.977,21.201,18.329,253.242
Urban,2,30.7177,9.588,30.032,24.297,NA
Urban,3,36.878,9.404,26.13,25.228,303.633
Urban,3,19.8187,2.529,17.892,16.973,326.774
Urban,4,12.0119,0.743,27.341,26.609,475.188
Urban,3,37.2631,6.529,19.533,17.822,265.525
Urban,2,36.5573,8.87,34.176,32.9,420.951
Urban,3,70.1038,17.056,16.146,6.739,146.917
Urban,3,63.557,17.089,8.489,7.119,181.22
Urban,3,74.018,18.814,18.089,17.275,226.054
Urban,3,36.7931,8.77,13.503,12.342,230.427
Urban,3,71.9555,17.12,14.625,13.985,212.534
Urban,3,73.7063,18.59,16.508,15.946,222.301
Urban,3,37.3114,9.69,13.692,12.843,198.635
Rural,3,37.0317,9.248,16.749,14.96,234.338
Urban,3,70.6699,17.089,18.818,17.813,212.895
Urban,3,144.2578,11.998,10.557,7.917,158.948
Urban,3,37.0805,9.769,18.187,16.552,223.045
Urban,2,15.7175,1.044,22.608,17.887,707.738
Urban,3,23.9338,9.313,17.387,13.633,320.058
Urban,2,41.0768,5.687,13.105,12.333,235.061
Urban,3,50.0064,14.387,25.602,15.905,261.658
Urban,2,9.5776,0.822,32.865,22.963,687.65
Rural,3,35.6795,1.905,14.108,15.283,283.394
Urban,2,16.5374,1.002,38.003,32.37,419.445
Urban,3,11.0721,0.825,38.088,31.791,756.736
Urban,3,74.2036,17.156,13.241,12.06,173.531
Urban,3,51.4083,3.247,13.787,10.234,219.383
Urban,3,55.7207,14.862,28.01,26.525,319.681
Urban,3,73.4018,16.993,14.955,13.483,202.201
Urban,3,11.621,0.657,24.115,28.463,600.73
Urban,3,37.3499,9.305,12.121,12.684,215.902
Urban,3,28.8194,8.304,22.271,14.928,254.374
Rural,1,49.2285,15.882,10.974,10.76,179.673
Urban,3,16.0837,0.808,35.306,21.502,674.196
Urban,3,152.4715,11.953,15.798,18.184,215.872
Urban,3,62.5098,17.238,22.366,14.774,223.38
Rural,2,20.5017,0.712,14.055,13.139,437.514
Urban,2,36.6559,9.272,11.95,10.553,178.379
Urban,3,124.3856,11.466,15.46,21.958,291.944
Urban,3,17.718,6.215,20.819,13.871,357.008
,3,73.4141,18.706,18.58,17.504,210.573
Urban,3,21.541,7.256,20.754,16.318,232.477
Urban,3,88.2576,12.002,17.715,18.925,283.595
Urban,3,1.9575,0.74,43.284,41.258,2135.503
Urban,3,36.9518,7.992,21.082,19.442,249.06
Urban,3,12.1714,0.772,22.411,22.723,589.79
Urban,3,152.3907,12.658,15.556,10.397,232.881
Urban,3,135.5221,12.743,13.709,10.807,213.384
Urban,3,19.0803,0.946,16.919,14.46,302.583
Urban,3,37.3203,9.299,12.206,10.809,295.228
Rural,1,0.7204,0.375,45.395,43.37,7956.98
Urban,3,55.8479,17.244,9.324,7.379,141.682
Urban,3,5.0595,0.67,32.026,29.588,1093.907
Rural,3,5.0082,0.792,27.737,19.426,1118.394
Urban,3,17.4823,0.899,21.459,18.742,487.771
Urban,3,50.0544,4.444,17.772,17.072,228.837
Urban,3,53.6356,17.276,15.482,15.339,232.394
Rural,1,6.4692,0.337,40.762,33.158,1346.016
Urban,3,37.0032,9.306,18.015,14.537,198.562
Urban,3,16.4514,1.029,24.383,16.977,536.272
Urban,3,59.5263,18.582,9.318,7.548,151.901
Rural,1,4.6045,0.386,30.948,30.233,2023.115
Rural,1,37.3742,9.282,9.909,8.499,159.507
Urban,3,36.8421,8.924,13.278,13.068,194.573
Urban,3,35.1717,6.715,21.614,19.93,294.192
Urban,3,37.7527,9.286,8.422,7.03,159.478
Urban,2,26.9082,8.979,32.867,24.558,1945.039
Urban,3,36.9866,10.045,14.792,11.276,267.321
Urban,1,12.1265,10.313,41.119,37.241,737.032
Urban,3,40.8113,8.596,21.315,18.56,245.785
Urban,3,1.6409,0.343,30.69,31.829,2324.907
Urban,3,37.0451,6.982,22.604,21.241,260.557
Urban,3,13.1172,0.988,20.533,18.484,457.301
Urban,3,13.4492,2.97,15.683,17.205,708.682
Urban,3,69.5666,17.107,21.918,21.017,248.357
Urban,3,47.6653,11.58,24.016,22.385,244.493
Urban,3,74.6059,11.134,23.579,21.23,246.613
Urban,3,123.2687,12.316,13.718,9.843,208.87
Urban,3,41.9695,2.549,20.195,17.247,351.715
Urban,3,73.3507,18.587,11.409,9.866,151.964
Urban,3,73.484,18.587,17.483,16.392,209.187
Urban,3,7.6187,0.937,16.574,15.819,562.44
Urban,3,70.043,17.515,12.965,13.221,195.61
Urban,3,60.0442,16.247,11.946,11.001,167.432
Urban,2,14.0968,1.074,30.915,28.58,429.495
Urban,3,32.3595,7.284,27.478,27.099,351.912
Rural,2,36.3744,9.323,19.623,19.114,233.284
Rural,1,0.8495,0.351,NA,41.024,NA
Rural,1,6.4324,0.35,34.472,33.464,851.424
Rural,2,1.4383,0.526,50.763,40.959,2576.135
Urban,3,8.1285,0.914,12.844,10.169,NA
Urban,2,6.0911,0.851,41.931,31.215,741.333
Rural,1,6.1747,0.666,27.13,27.066,741.112
Urban,3,69.3121,18.579,18.091,16.928,217.017
Urban,3,6.573,0.754,33.638,33.468,731.142
Urban,3,64.1651,18.548,30.358,29.059,337.157
Urban,2,72.4443,18.532,13.95,19.173,287.165
Urban,3,72.6558,17.077,16.259,15.661,210.936
Rural,1,25.8702,5.181,14.035,12.699,300.609
Urban,3,3.451,0.672,39.072,32.014,1236.301
Rural,1,34.4109,6.84,19.933,19.997,263.34
Urban,3,72.7487,18.592,14.169,13.415,187.216
Urban,2,36.4564,1.903,24.629,15.995,375.099
Urban,3,31.2546,6.72,29.9,29.51,360.743
Urban,3,126.2431,11.251,13.826,12.135,182.552
Urban,3,96.6357,6.361,13.719,12.286,229.007
Urban,3,96.2305,4.592,13.356,14.292,229.586
Urban,3,105.7756,6.066,10.914,8.112,154.311
Urban,3,61.8915,10.126,14.637,12.823,188.457
Urban,3,70.0288,16.947,8.186,7.232,162.432
Urban,3,36.7368,9.32,19.476,18.967,253.092
Urban,2,16.8206,0.837,22.052,27.129,798.821
Urban,3,39.7141,10.161,20.174,23.163,281.726
Urban,3,44.5801,14.218,23.74,22.293,273.15
Urban,3,6.1411,0.378,19.904,18.657,699.215
Urban,3,26.218,5.902,20.308,19.147,274.232
Rural,2,2.564,0.381,32.341,31.29,1449.815
Rural,2,5.6383,0.91,28.083,24.977,819.462
Rural,1,7.2424,1.033,24.363,23.315,581.309
,0,35.8594,9.259,14.276,13.838,199.584
Urban,3,101.76,6.399,16.596,15.321,271.574
Urban,3,84.0146,11.437,12.38,21.196,273.366
Rural,1,5.6019,0.355,61.026,60.509,1033.512
Urban,3,4.1219,0.77,22.406,20.093,4142.948
Rural,1,2.8037,0.596,24.917,22.379,1636.15
Urban,1,3.7455,0.377,31.729,30.643,1063.127
,0,2.6923,0.377,35.05,34.078,3118.565
Rural,2,1.5777,0.424,37.02,35.298,2175.312
Rural,1,3.6492,0.377,49.968,49.823,1184.665
Urban,2,31.914,9.37,28.196,21.137,422.133
Urban,1,68.725,15.257,16.333,15.322,235.779
Urban,3,53.9015,3.048,11.799,8.326,195.068
Urban,3,22.7351,6.337,16.005,14.143,401.012
Urban,1,9.7553,0.71,32.838,30.941,630.211
,1,0.4506,0.259,53.243,50.41,7508.358
Urban,3,55.8998,18.283,21.084,20.837,281.397
Rural,1,3.6809,0.355,36.241,30.951,1357.209
Rural,1,15.1799,7.169,18.569,16.83,351.19
Urban,3,33.4674,7.806,NA,17.168,NA
Rural,1,0.7929,0.665,39.22,28.713,4417.291
Rural,1,6.2788,0.38,37.88,37.683,1540.239
Rural,3,19.5953,3.596,29.523,21.108,428.049
Rural,2,2.416,0.401,40.483,38.92,1558.101
Urban,3,37.0748,9.401,19.606,21.921,305.282
Urban,3,51.5141,13.038,20.202,19.436,240.848
Urban,3,42.4528,8.554,18.698,17.598,240.175
Urban,1,36.2458,8.859,40.328,29.092,337.456
Urban,3,8.4025,0.75,35.415,31.904,804.134
Urban,3,21.3127,5.668,18.876,13.284,NA
Rural,1,4.1906,0.399,38.517,38.661,1069.062
Urban,3,33.4371,8.867,11.204,9.895,175.425
Urban,3,156.4833,12.426,17.699,14.941,220.163
Urban,3,60.6427,13.659,26.983,18.779,538.729
Urban,3,52.0082,12.929,14.811,14.994,192.69
Urban,1,55.843,17.753,NA,15.156,NA
Rural,1,0.4395,0.384,27.79,26.346,7270.025
Urban,3,36.6284,9.262,18.491,17.037,259.453
Urban,3,70.1061,18.58,7.177,6.794,340.801
Urban,3,66.7111,18.583,16.728,15.824,191.857
Urban,4,79.0313,18.334,14.417,7.61,350.706
Rural,1,49.4088,10.21,14.135,13.682,176.834
Urban,3,71.1789,17.117,7.384,7.352,351.613
Urban,3,60.6431,18.38,14.412,14.434,191.596
Urban,2,46.9205,11.291,25.126,23.897,284.182
Rural,3,19.6242,1.714,21.493,22.357,337.97
Urban,3,4.3602,0.798,33.391,31.84,1055.532
Urban,3,30.3919,5.93,10.06,8.47,186.897
Urban,3,6.2093,0.828,41.023,39.329,953.904
Urban,4,5.7797,0.74,27.822,26.573,899.124
Rural,3,5.4346,0.953,14.546,14.352,831.656
Rural,3,128.2502,8.817,22.145,19.641,327.268
Rural,1,2.9841,0.373,32.894,32.701,1687.282
Urban,2,155.8253,12.758,12.842,10.648,162.715
Urban,3,138.5261,12.738,13.858,13.95,228.998
Urban,3,145.3353,11.477,13.481,11.813,176.324
Urban,3,151.3572,12.722,13.901,11.37,198.659
Urban,3,83.3859,6.086,14.919,13.371,192.5
Urban,3,103.8392,6.028,12.611,13.203,186.327
Urban,3,155.177,11.854,15.224,14.828,200.688
Urban,3,37.1614,12.598,9.569,8.401,156.349
Rural,1,100.9134,6.427,12.904,14.357,237.051
Urban,3,135.6133,12.604,14.993,13.962,247.799
Urban,2,72.0264,18.697,NA,17.067,NA
Urban,3,98.7314,6.114,14.911,16.871,245.521
Urban,3,106.8292,6.088,18.857,13.047,184.376
Rural,2,31.4684,4.068,29.326,28.356,313.981
Urban,3,133.3774,12.683,14.116,12.001,215.278
Urban,3,150.644,12.685,15.461,15.897,255.585
Urban,3,73.0205,18.592,25.862,14.743,192.615
Urban,3,150.9621,12.781,15.403,12.852,218.794
Urban,3,103.2928,6.096,18.068,16.254,236.339
Rural,1,69.4894,18.59,19.22,18.008,226.949
Urban,3,146.2579,12.004,11.383,13.909,198.593
Urban,3,82.2696,6.056,17.487,14.815,221.143
Urban,3,147.3991,11.467,11.977,12.568,194.774
Urban,3,79.9638,6.05,14.911,9.51,255.107
Urban,3,74.5941,6.092,17.727,13.996,208.93
Urban,3,152.3561,11.795,15.702,13.047,168.134
Urban,3,153.1779,12.74,13.995,14.763,248.356
Urban,3,101.158,5.898,21.872,17.182,251.161
Urban,3,145.2322,12.643,13.069,8.973,198.775
Urban,4,77.2552,18.369,13.108,7.648,421.728
Urban,3,105.374,6.04,18.883,14.423,203.499
Urban,3,150.9925,12.694,13.965,14.169,232.893
Urban,3,153.0444,11.392,13.403,12.293,179.173
Urban,3,141.6036,11.559,24.321,12.35,283.702
Urban,3,143.755,11.91,15.279,16.162,250.292
Urban,3,100.9651,6.112,16.837,16.362,232.514
Urban,3,13.6897,1.426,24.733,17.517,751.834
Urban,3,55.9106,17.131,13.35,13.576,180.99
Urban,3,29.4277,16.223,NA,27.537,NA
Urban,3,91.2706,12.743,13.415,14.086,219.073
Urban,3,62.9536,18.579,17.727,17.673,210.083
Urban,3,154.9606,12.751,18.001,14.707,249.871
Rural,3,11.4838,0.971,16.291,17.109,419.542
Urban,3,2.4232,0.794,25.262,23.982,1524.219
Urban,3,49.5011,2.758,34.921,37.909,727.201
Urban,3,36.9455,9.344,16.542,16.349,217.659
,0,109.8233,11.616,11.671,11.448,200.863
Urban,2,34.8435,1.929,32.841,24.72,331.783
Urban,3,72.5733,19.517,21.748,17.064,233.879
Urban,4,12.168,0.738,29.499,28.665,491.131
Urban,3,25.0167,6.654,33.248,22.438,300.816
Urban,3,145.3179,12.782,17.266,18.678,281.336
Urban,3,2.662,0.566,34.348,37.865,1475.083
Urban,3,4.8237,0.763,44.538,35.246,892.854
Urban,3,36.3079,9.305,18.648,18.263,240.113
Rural,1,0.6741,0.425,42.672,40.873,5288.734
,0,183.4781,21.308,14.592,13.105,187.149
Urban,4,57.6554,8.715,13.421,7.724,377.215
Urban,4,78.9319,18.017,9.972,7.698,391.353
Urban,4,58.3969,8.791,13.625,7.75,408.298
Urban,3,47.1299,19.194,24.176,24.3,330.703
Urban,3,46.727,16.639,10.424,10.176,160.601
Urban,3,37.1314,9.316,17.393,15.741,248.268
Rural,3,1.0529,0.715,54.897,32.662,3641.975
Urban,3,36.8633,1.82,NA,14.15,NA
Rural,2,36.6072,9.373,22.297,21.816,258.115
Urban,3,16.7679,5.712,32.181,28.224,460.936
Urban,3,32.5838,6.86,17.349,16.971,271.301
Rural,1,37.3003,9.779,17.772,10.838,244.752
Urban,2,28.8864,1.838,27.035,16.994,246.58
Urban,3,37.1117,1.73,15.3,14.209,245.921
Urban,3,37.0961,9.803,17.695,13.412,252.666
,0,42.4817,6.313,21.958,20.983,246.414
Rural,1,33.5429,9.661,19.51,11.807,578.489
Urban,3,118.3921,11.841,16.882,9.879,208.051
Urban,3,93.5694,6.093,15.734,12.302,190.518
Urban,3,43.0577,6.471,8.933,7.917,143.706
Urban,3,82.6005,6.387,14.725,13.233,238.379
Urban,3,105.3237,6.074,12.91,8.972,159.6
Urban,3,101.9909,6.096,14.319,12.338,204.799
Urban,3,99.9931,5.943,27.812,20.966,326.308
Urban,3,101.3965,6.094,12.893,12.474,193.818
Urban,3,105.5973,6.424,16.535,15.191,245.43
Urban,3,103.5225,6.087,13.875,13.643,197.096
Urban,3,137.1033,11.965,17.083,14.791,213.992
Urban,3,89.7415,6.082,12.234,12.094,174.107
Urban,3,105.1735,6.427,15.42,14.542,249.071
Urban,3,112.5151,12.772,14.365,16.787,268.727
Urban,3,105.647,6.432,12.885,9.863,154.475
Urban,3,103.8056,6.069,15.377,18.475,238.168
Urban,3,101.781,6.09,17.547,20.36,271.408
Urban,3,133.0394,12.622,12.365,9.295,187.204
Urban,3,62.3304,18.027,18.583,17.474,230.939
Rural,4,34.9724,2.743,41.048,42.862,506.172
,0,74.3633,21.36,14.35,13.491,236.931
Urban,3,165.7886,21.345,11.82,10.722,144.741
Urban,1,184.4083,21.475,11.261,9.894,160.76
Urban,3,71.5394,21.373,14.571,13.914,262.431
Urban,3,162.8546,21.066,10.263,10.377,158.142
Urban,3,93.358,20.701,11.821,11.356,146.528
Urban,3,92.9093,20.652,11.164,10.749,158.06
,0,242.6918,20.734,8.786,7.687,352.72
Urban,3,144.4313,16.74,32.056,37.586,454.669
Urban,3,171.386,21.574,16.761,15.601,225.56
Urban,3,163.6515,20.874,16.961,16.593,207.647
Urban,3,152.7696,21.354,11.645,10.689,148.55
Urban,3,92.9,20.632,13.345,10.154,182.827
Urban,3,166.7417,20.968,13.206,13.405,163.835
Urban,3,175.4317,21.342,11.463,10.746,149.493
Urban,3,77.9926,21.359,11.554,10.156,276.381
Urban,3,171.314,21.348,14.747,14.085,172.068
Urban,3,155.392,20.966,16.515,15.598,197.181
Urban,3,147.1515,20.884,10.172,9.646,224.442
Urban,3,35.2736,11.143,11.657,10.867,172.783
Urban,2,178.6367,28.776,15.855,14.948,202.825
,0,260.0234,28.815,6.241,3.852,626.834
Urban,3,181.7414,31.559,5.869,3.315,346.713
,0,88.6355,31.472,6.757,5.058,421.236
Urban,3,177.7934,28.757,15.514,14.637,193.174
Urban,3,169.4508,31.438,12.543,11.915,190.757
,0,258.7019,31.528,7.403,4.814,383.683
Urban,3,229.5381,31.536,11.797,10.293,142.115
Urban,3,187.0201,31.532,16.943,16.224,205.45
Urban,3,15.9556,1.327,36.54,33.127,640.635
Urban,3,84.994,6.012,17.649,19.39,239.231
Urban,3,92.1799,5.893,18.994,19.293,260.289
Urban,1,84.2074,6.08,11.567,10.515,284.965
Urban,3,77.0301,6.08,12.147,13.074,162.952
Urban,3,105.5433,11.35,12.014,12.698,202.232
Urban,3,103.8608,6.423,15.05,13.734,237.608
Urban,3,61.4245,17.646,11.84,15.062,195.687
Urban,3,131.6076,20.71,11.281,11.906,596.058
Urban,0,92.7076,20.614,10.081,8.611,139.774
Urban,3,174.399,21.481,11.658,10.092,176.504
Urban,1,186.2217,21.347,6.787,4.843,492.572
Urban,3,98.1155,20.607,11.449,10.561,177.088
Urban,3,171.0742,21.55,17.201,15.903,218.524
Urban,3,192.1974,21.273,6.457,3.969,551.959
Urban,3,93.6838,20.684,11.492,10.787,155.978
Urban,3,179.0323,21.346,11.671,10.443,160.205
Urban,3,173.1694,20.989,14.941,15.915,192.175
,0,221.0539,31.567,13.296,12.691,169.317
,3,159.8047,18.592,6.644,4.114,2013.399
Urban,3,117.9945,21.418,17.344,16.667,186.457
Urban,3,77.6974,31.355,11.507,11.453,2876.36
Rural,1,1.1255,0.471,36.712,35.332,2866.162
Urban,3,19.283,1.969,14.944,16.431,811.783
